"selection1_item_names","selection1_release_date","selection1_date_of_stock","selection1_price","selection1_sales"
"BTS - DYNAMITE - LIMITED EDITION CASSETTE (February Shipping) (*Order can be canceled cause of early out of stock)","Release 2021-02-26","(Expected) Date of stock 2021-02-26","USD 7.83",""
"IZ*ONE - 1ST CONCERT IN SEOUL [EYES ON ME] (KIT VIDEO)","Release 2020-11-04","(Expected) Date of stock 2020-11-03","USD 42.23",""
"(Out Of Stock) [DVD] IU - 2019 IU Tour Concert [Love, poem] in Seoul DVD","Release 2020-10-29","(Expected) Date of stock 2020-10-28","USD 38.53","Sales 350"
"(Out Of Stock) [Blu-ray] IU - 2019 IU Tour Concert [Love, poem] in Seoul Blu-ray","Release 2020-10-29","(Expected) Date of stock 2020-10-28","USD 51.64","Sales 400"
"[DVD] IZ*ONE - 1ST CONCERT IN SEOUL [EYES ON ME] DVD","Release 2020-10-23","(Expected) Date of stock 2020-10-22","USD 36.95",""
"[DVD] IZ*ONE - 1ST CONCERT IN SEOUL [EYES ON ME] DVD _Copy","Release 2020-10-23","(Expected) Date of stock 2020-10-22","USD 36.95",""
"[Blu-Ray] IZ*ONE - 1ST CONCERT IN SEOUL [EYES ON ME] BLU-RAY","Release 2020-10-23","(Expected) Date of stock 2020-10-22","USD 48.38",""
"[Blu-Ray] BTS - WORLD TOUR [LOVE YOURSELF : SPEAK YOURSELF] LONDON BLU-RAY (*Order can be canceled cause of early out of stock)","Release 2020-10-22","(Expected) Date of stock 2020-10-29","USD 48.38",""
"BTS - Mini Album Vol. 2 [Skool Luv Affair] (Special Addition) (reissue)","Release 2020-10-14","(Expected) Date of stock 2020-10-13","USD 33.34 USD 42.75","Sales 39,400"
"[DVD] ATEEZ - ATEEZ WORLD TOUR [THE FELLOWSHIP : MAP THE TREASURE SEOUL DVD]","Release 2020-10-14","(Expected) Date of stock 2020-10-14","USD 36.95","Sales 2,445"
"BTS - Learn! KOREAN with BTS Book Package","Release 2020-10-12","(Expected) Date of stock 2020-10-12","USD 77.41",""
"[Ktown4u Event] BLACKPINK - 1st FULL ALBUM [THE ALBUM] (Ver.1)","Release 2020-10-06","(Expected) Date of stock 2020-10-06","USD 16.37 USD 21.73","Sales 30,846"
"[Ktown4u Event] BLACKPINK - 1st FULL ALBUM [THE ALBUM] (Ver.2)","Release 2020-10-06","(Expected) Date of stock 2020-10-06","USD 16.37 USD 21.73","Sales 28,263"
"[Ktown4u Event] BLACKPINK - 1st FULL ALBUM [THE ALBUM] (Ver.3)","Release 2020-10-06","(Expected) Date of stock 2020-10-06","USD 16.37 USD 21.73","Sales 45,906"
"[Ktown4u Event] BLACKPINK - 1st FULL ALBUM [THE ALBUM] (Ver.4)","Release 2020-10-06","(Expected) Date of stock 2020-10-06","USD 16.37 USD 21.73","Sales 56,523"
"NCT DREAM - [CHENLE] NCT LIFE : DREAM in Wonderland Commentary Book + Luggage Tag SET","Release 2020-10-05","(Expected) Date of stock 2020-10-05","USD 21.99","Sales 834"
"NCT DREAM - [JAEMIN] NCT LIFE : DREAM in Wonderland Commentary Book + Luggage Tag SET","Release 2020-10-05","(Expected) Date of stock 2020-10-05","USD 21.99","Sales 1,576"
"NCT DREAM - [JENO] NCT LIFE : DREAM in Wonderland Commentary Book + Luggage Tag SET","Release 2020-10-05","(Expected) Date of stock 2020-10-05","USD 21.99","Sales 1,220"
"NCT DREAM - [JISUNG] NCT LIFE : DREAM in Wonderland Commentary Book + Luggage Tag SET","Release 2020-10-05","(Expected) Date of stock 2020-10-05","USD 21.99","Sales 1,336"
"NCT DREAM - [RENJUN] NCT LIFE : DREAM in Wonderland Commentary Book + Luggage Tag SET","Release 2020-10-05","(Expected) Date of stock 2020-10-05","USD 21.99","Sales 1,052"
"H1GHR MUSIC - 1st Compilation Album [H1GHR : RED TAPE]","Release 2020-09-29","(Expected) Date of stock 2020-09-28","USD 21.64 USD 27.36","Sales 2,225"
"Super Junior D&E - Mini Album Vol.4 [Special Album]","Release 2020-09-29","(Expected) Date of stock 2020-09-28","USD 16.81 USD 20.94","Sales 21,110"
"NCT DREAM - [CHENLE] NCT LIFE : DREAM in Wonderland Flipbook + Photo card SET","Release 2020-09-29","(Expected) Date of stock 2020-10-06","USD 11.44","Sales 1,383"
"(Out Of Stock) NCT DREAM - [JAEMIN] NCT LIFE : DREAM in Wonderland Flipbook + Photo card SET","Release 2020-09-29","(Expected) Date of stock 2020-09-29","USD 11.44","Sales 3,600"
"(Out Of Stock) NCT DREAM - [JENO] NCT LIFE : DREAM in Wonderland Flipbook + Photo card SET","Release 2020-09-29","(Expected) Date of stock 2020-10-06","USD 11.44","Sales 2,000"
"(Out Of Stock) NCT DREAM - [JISUNG] NCT LIFE : DREAM in Wonderland Flipbook + Photo card SET","Release 2020-09-29","(Expected) Date of stock 2020-10-06","USD 11.44","Sales 2,500"
"(Out Of Stock) NCT DREAM - [RENJUN] NCT LIFE : DREAM in Wonderland Flipbook + Photo card SET","Release 2020-09-29","(Expected) Date of stock 2020-10-06","USD 11.44","Sales 1,700"
"GHOST9 - EP Album [PRE EPISODE 1 : DOOR]","Release 2020-09-25","(Expected) Date of stock 2020-09-24","USD 13.73 USD 17.60","Sales 56"
"TVXQ - Beyond LIVE BROCHURE [Beyond the T]","Release 2020-09-25","(Expected) Date of stock 2020-09-24","USD 21.12","Sales 542"
"[Ktown4u Event] UP10TION - Mini Album Vol.9 [Light UP] (LIGHT HUNTER Ver.)","Release 2020-09-25","(Expected) Date of stock 2020-09-24","USD 15.57 USD 19.36","Sales 620"
"[Ktown4u Event] UP10TION - Mini Album Vol.9 [Light UP] (LIGHT SPECTRUM Ver.)","Release 2020-09-25","(Expected) Date of stock 2020-09-24","USD 15.57 USD 19.36","Sales 683"
"(Out Of Stock) SUPER JUNIOR - Beyond LIVE BROCHURE SUPER JUNIOR [Beyond the SUPER SHOW]","Release 2020-09-25","(Expected) Date of stock 2020-09-24","USD 21.12","Sales 3,326"
"BDC - EP Album [THE INTERSECTION : BELIEF] (MOON ver.)","Release 2020-09-24","(Expected) Date of stock 2020-09-23","USD 15.57 USD 19.36","Sales 210"
"BDC - EP Album [THE INTERSECTION : BELIEF] (UNIVERSE ver.)","Release 2020-09-24","(Expected) Date of stock 2020-09-23","USD 15.57 USD 19.36","Sales 217"
"[SET][2CD SET] BDC - EP Album [THE INTERSECTION : BELIEF] (MOON ver. + UNIVERSE ver.)","Release 2020-09-24","(Expected) Date of stock 2020-09-23","USD 31.14 USD 38.71","Sales 28"
"[DVD] BTS - WORLD TOUR [LOVE YOURSELF : SPEAK YOURSELF] LONDON DVD (*Order can be canceled cause of early out of stock)","Release 2020-09-24","(Expected) Date of stock 2020-10-01","USD 36.95",""
"Cignature - EP Album Voi.1 [Listen and Speak]","Release 2020-09-23","(Expected) Date of stock 2020-09-22","USD 13.20 USD 16.98","Sales 126"
"Kim Ho Joong - Album Vol.1 [My Family]","Release 2020-09-23","(Expected) Date of stock 2020-09-16","USD 15.57 USD 19.36","Sales 10"
"(Out Of Stock) TXT(TOMORROW X TOGETHER) - The 2nd Photobook H:OUR (*Order can be canceled cause of early out of stock)","Release 2020-09-23","(Expected) Date of stock 2020-09-30","USD 33.43",""
"THE BOYZ - Mini Album Vol.5 [CHASE] (CHASE ver.)","Release 2020-09-22","(Expected) Date of stock 2020-09-21","USD 14.96 USD 18.56","Sales 3,645"
"THE BOYZ - Mini Album Vol.5 [CHASE] (STEALER ver.)","Release 2020-09-22","(Expected) Date of stock 2020-09-21","USD 14.96 USD 18.56","Sales 3,657"
"THE BOYZ - Mini Album Vol.5 [CHASE] (TRICK ver.)","Release 2020-09-22","(Expected) Date of stock 2020-09-21","USD 14.96 USD 18.56","Sales 3,577"
"[Ktown4u Event] EVERGLOW - Mini Album Vol.2 [-77.82X-78.29] (-77.82X Ver.)","Release 2020-09-22","(Expected) Date of stock 2020-09-21","USD 12.67 USD 16.28","Sales 670"
"[Ktown4u Event] EVERGLOW - Mini Album Vol.2 [-77.82X-78.29] (-78.29 Ver.)","Release 2020-09-22","(Expected) Date of stock 2020-09-21","USD 12.67 USD 16.28","Sales 604"
"[Ktown4u Event] TREASURE - 2nd SINGLE ALBUM [THE FIRST STEP : CHAPTER TWO] (BLACK ver.)","Release 2020-09-22","(Expected) Date of stock 2020-09-22","USD 12.06 USD 16.28","Sales 28,746"
"[Ktown4u Event] TREASURE - 2nd SINGLE ALBUM [THE FIRST STEP : CHAPTER TWO] (WHITE ver.)","Release 2020-09-22","(Expected) Date of stock 2020-09-22","USD 12.06 USD 16.28","Sales 29,371"
"[SET][3CD SET] THE BOYZ - Mini Album Vol.5 [CHASE] (CHASE ver. + STEALER ver. + TRICK ver.)","Release 2020-09-22","(Expected) Date of stock 2020-09-21","USD 44.87 USD 55.69","Sales 553"
"Fall vacation - LP Album Vol.4 [The world is a handkerchief] (Limited Edition)","Release 2020-09-18","(Expected) Date of stock 2020-10-08","USD 38.71","Sales 2"
"KNK - Mini Album Vol.3 [KNK AIRLINE] (OFF Ver.)","Release 2020-09-18","(Expected) Date of stock 2020-09-17","USD 14.34 USD 17.60","Sales 159"
"KNK - Mini Album Vol.3 [KNK AIRLINE] (ON Ver.)","Release 2020-09-18","(Expected) Date of stock 2020-09-17","USD 14.34 USD 17.60","Sales 164"
"The BLANK Shop - Album Vol.1 [Tailor]","Release 2020-09-18","(Expected) Date of stock 2020-09-17","USD 12.93 USD 16.28","Sales 2"
"NCT 127 - Beyond LIVE BROCHURE NCT 127 [Beyond the Origin]","Release 2020-09-18","(Expected) Date of stock 2020-09-18","USD 21.12","Sales 9,450"
"NCT DREAM - Beyond LIVE BROCHURE NCT DREAM [Beyond the Dream Show]","Release 2020-09-18","(Expected) Date of stock 2020-09-18","USD 21.12","Sales 11,966"
"(Out Of Stock) WayV - PHOTO STORY BOOK [Bad Alive]","Release 2020-09-18","(Expected) Date of stock 2020-09-18","USD 22.87","Sales 4,000"
"fromis_9 - mini Aibum Vol.3 [My Little Society] (My account ver.) (first press)","Release 2020-09-17","(Expected) Date of stock 2020-09-16","USD 13.81 USD 17.60","Sales 2,355"
"fromis_9 - mini Aibum Vol.3 [My Little Society] (My society ver.) (first press)","Release 2020-09-17","(Expected) Date of stock 2020-09-16","USD 13.81 USD 17.60","Sales 2,359"
"fromis_9 - Mini Album Vol.3 [My Little Society] (Kit Album)","Release 2020-09-17","(Expected) Date of stock 2020-09-16","USD 18.39 USD 23.75","Sales 935"
"[SET][2CD SET] fromis_9 - Mini Album Vol.3 [My Little Society] (My society Ver. + My account Ver.)","Release 2020-09-17","(Expected) Date of stock 2020-09-16","USD 27.62 USD 35.19","Sales 317"
"[SET][2CD SET] KNK - Mini Album [KNK AIRLINE] (ON Ver + OFF Ver.)","Release 2020-09-17","(Expected) Date of stock 2020-09-17","USD 28.68 USD 35.19","Sales 42"
"(Out Of Stock) [Blu-Ray] BTS - BTS MEMORIES OF 2019 Blu-Ray *Pre-order benefit gift (*Order can be canceled cause of early out of stock)","Release 2020-09-17","(Expected) Date of stock 2020-09-24","USD 81.81",""
"B.O.Y - Album [Phase Two : WE] (Harmony Ver.)","Release 2020-09-16","(Expected) Date of stock 2020-09-15","USD 13.20 USD 16.98","Sales 847"
"B.O.Y - Album [Phase Two : WE] (Synergy Ver.)","Release 2020-09-16","(Expected) Date of stock 2020-09-15","USD 13.20 USD 16.98","Sales 809"
"Fall vacation - Album Vol.4 [The world is a handkerchief]","Release 2020-09-16","(Expected) Date of stock 2020-09-19","USD 14.96 USD 19.36","Sales 1"
"VAV - Mini Album Vol.6 [MADE FOR TWO]","Release 2020-09-16","(Expected) Date of stock 2020-09-15","USD 9.94 USD 12.93","Sales 940"
"[SET][2CD SET] B.O.Y - Album [Phase Two : WE] (Harmony Ver. + Synergy Ver.)","Release 2020-09-16","(Expected) Date of stock 2020-09-15","USD 26.39 USD 33.96","Sales 30"
"Kim Sa wol - Album Vol.3 [Heaven]","Release 2020-09-15","(Expected) Date of stock 2020-09-14","USD 13.73 USD 17.60",""
"Luli Lee - Album [Let Me Into This Moment]","Release 2020-09-15","(Expected) Date of stock 2020-09-14","USD 8.80 USD 11.26","Sales 26"
"Moonbin&Sanha(ASTRO) - Mini Album Vol.1 [IN-OUT] (FADE IN VER.)","Release 2020-09-15","(Expected) Date of stock 2020-09-15","USD 14.34 USD 17.77","Sales 5,251"
"Moonbin&Sanha(ASTRO) - Mini Album Vol.1 [IN-OUT] (FADE OUT VER.)","Release 2020-09-15","(Expected) Date of stock 2020-09-15","USD 14.34 USD 17.77","Sales 5,502"
"Stray Kids - Repackage Album Vol.1 [IN生 (IN LIFE)] (STANDARD Ver.) (Random Ver.)","Release 2020-09-15","(Expected) Date of stock 2020-09-16","USD 15.57 USD 19.36","Sales 12,071"
"[SET][2CD SET] Moonbin&Sanha(ASTRO) - Mini Album Vol.1 [IN-OUT] (FADE IN VER + FADE OUT VER)","Release 2020-09-15","(Expected) Date of stock 2020-09-14","USD 28.68 USD 35.54","Sales 316"
"D-Hack - Album [D-SEKAI]","Release 2020-09-14","(Expected) Date of stock 2020-09-14","USD 12.49 USD 16.28","Sales 1"
"Super Junior D&E - Mini Album Vol.4 [BAD BLOOD] (Kit Album)","Release 2020-09-14","(Expected) Date of stock 2020-09-21","USD 16.81 USD 20.94","Sales 7,467"
"Mia - Album Vol.1 [Not a fairytale]","Release 2020-09-11","(Expected) Date of stock 2020-09-11","USD 12.67 USD 16.28","Sales 10"
"(Out Of Stock) DAY6 (Even of Day) - STORY BOOK [The Story of US: The Arcane Land]","Release 2020-09-11","(Expected) Date of stock 2020-09-21","USD 30.79","Sales 158"
"AB6IX : KIM DONG HYUN - Kit Album [그 여름의 전설] (Audio Book)","Release 2020-09-09","(Expected) Date of stock 2020-09-19","USD 15.84","Sales 71"
"CHUNG HA - Kit Album [환한 밤] (Audio Book)","Release 2020-09-09","(Expected) Date of stock 2020-09-10","USD 15.84","Sales 26"
"DAY6 : YoungK - Kit Album [페이퍼 컷] (Audio Book)","Release 2020-09-09","(Expected) Date of stock 2020-09-19","USD 15.84","Sales 72"
"HA SUNG WOON - Kit Album [라면은 멋있다] Special Peckage(Audio Book)","Release 2020-09-09","(Expected) Date of stock 2020-09-19","USD 21.99","Sales 4"
"INFINITE: Nam Woo-hyun and Lee Sung-jong - Kit Album [영화처럼 세이셀] [바람의 독서법] (Audio Book)","Release 2020-09-09","(Expected) Date of stock 2020-09-19","USD 15.84","Sales 5"
"Jeong Se Woon - Kit Album [너만 모르는 엔딩] (Audio Book)","Release 2020-09-09","(Expected) Date of stock 2020-09-19","USD 15.84","Sales 3"
"RAVI - Kit Album [청기와주유소 씨름 기담] (Audio Book)","Release 2020-09-09","(Expected) Date of stock 2020-09-10","USD 15.84","Sales 7"
"Roh Tae Hyun - Kit Album [옥수수 뺑소니] (Audio Book)","Release 2020-09-09","(Expected) Date of stock 2020-09-09","USD 15.84",""
"VIXX : HYUK- Kit Album [이상한 용손 이야기] (Audio Book)","Release 2020-09-09","(Expected) Date of stock 2020-09-10","USD 15.84","Sales 7"
"Weki Meki : Choi Yoo Jung - Kit Album [고양이의 날] (Audio Book)","Release 2020-09-09","(Expected) Date of stock 2020-09-19","USD 15.84","Sales 29"
"Weki Meki : Ji Su Yeon - Kit Album [꿈을 지키는 카메라] (Audio Book)","Release 2020-09-09","(Expected) Date of stock 2020-09-19","USD 15.84","Sales 6"
"Weki Meki : Kim Do Yeon - Kit Album [림로드] (Audio Book)","Release 2020-09-09","(Expected) Date of stock 2020-09-10","USD 15.84","Sales 5"
"7O'CLOCK - Project Album Vol.5 [HIGHWAY]","Release 2020-09-08","(Expected) Date of stock 2020-09-21","USD 12.93 USD 16.28","Sales 32"
"Kim Nam Joo - Single Album Vol.1 [Bird]","Release 2020-09-08","(Expected) Date of stock 2020-09-21","USD 11.00 USD 13.73","Sales 724"
"Soyeah - Mini Album Vol.2 [So Beautiful]","Release 2020-09-08","(Expected) Date of stock 2020-09-07","USD 11.26 USD 14.52","Sales 1"
"YooA(OH MY GIRL) - Album [Bon Voyage]","Release 2020-09-08","(Expected) Date of stock 2020-09-14","USD 13.02 USD 16.28","Sales 5,749"
"Did we love each other? O.S.T - JTBC Drama (Track list : Yuju (Gfriend))","Release 2020-09-08","(Expected) Date of stock 2020-09-07","USD 13.73 USD 17.60","Sales 69"
"Jang Woo Hyuk - Album [HE(Don’t wanna be alone)] (Cassette Tape)","Release 2020-09-07","(Expected) Date of stock 2020-09-07","USD 10.30 USD 12.93","Sales 2,834"
"Jang Woo Hyuk - Album [HE(Don’t wanna be alone)] (CD)","Release 2020-09-07","(Expected) Date of stock 2020-09-16","USD 12.93 USD 16.28","Sales 9,371"
"Jang Woo Hyuk - Album [HE(Don’t wanna be alone)] (LP)","Release 2020-09-07","(Expected) Date of stock 2020-09-07","USD 25.87 USD 32.29","Sales 2,644"
"TAEMIN - Album Vol.3 [Never Gonna Dance Again : Act 1] (Random Ver.)","Release 2020-09-07","(Expected) Date of stock 2020-09-18","USD 14.34 USD 17.60","Sales 25,138"
"WONHO - Mini Album Vol.1 [LOVE SYNONYM #1. Right for me] (Random Ver.) (second press)","Release 2020-09-05","(Expected) Date of stock 2020-09-12","USD 13.11 USD 16.28","Sales 25,838"
"Super Junior D&E - Mini Album Vol.4 [BAD BLOOD] (Ramdom Ver.) *Different versions will be sent in case of purchasing 3 or more","Release 2020-09-04","(Expected) Date of stock 2020-09-18","USD 14.34 USD 17.60","Sales 7,763"
"CLC - Single Album [HELICOPTER]","Release 2020-09-03","(Expected) Date of stock 2020-09-21","USD 12.93 USD 16.28","Sales 6,415"
"(Out Of Stock) DEEPFLOW - Album Vol.4 [FOUNDER] Vinyl Limited Edition","Release 2020-09-03","(Expected) Date of stock 2020-09-02","USD 37.83 USD 48.47","Sales 5"
"LUNARSOLAR - Single Album Vol.1 [SOLAR : flare]","Release 2020-09-03","(Expected) Date of stock 2020-09-14","USD 9.94 USD 12.93","Sales 270"
"A.C.E - Album [HJZM : The Butterfly Phantasy]","Release 2020-09-02","(Expected) Date of stock 2020-09-15","USD 14.34 USD 17.77","Sales 3,865"
"Lovelyz - Mini Album Vol.7 [Unforgettable] (A VER)","Release 2020-09-02","(Expected) Date of stock 2020-09-10","USD 12.67 USD 15.84","Sales 1,609"
"Lovelyz - Mini Album Vol.7 [Unforgettable] (B VER)","Release 2020-09-02","(Expected) Date of stock 2020-09-10","USD 12.67 USD 15.84","Sales 1,570"
"DAMYE - Album [The Sandwich Artist]","Release 2020-09-01","(Expected) Date of stock 2020-08-31","USD 11.44 USD 14.52",""
"DAY6 - Mini Album Vol.1 [The Book of Us : Gluon – Nothing can tear us apart] (first press)","Release 2020-09-01","(Expected) Date of stock 2020-09-21","USD 11.62 USD 14.52","Sales 11,349"
"DAY6 - Mini Album Vol.1 [The Book of Us : Gluon – Nothing can tear us apart] (Second press)","Release 2020-09-01","(Expected) Date of stock 2020-09-11","USD 11.62 USD 14.52","Sales 163"
"LEE EUN SANG - Mini Album Vol.1 [Beautiful Scar] (Beautiful Ver.)","Release 2020-09-01","(Expected) Date of stock 2020-09-21","USD 15.57 USD 19.36","Sales 1,642"
"LEE EUN SANG - Mini Album Vol.1 [Beautiful Scar] (Scar Ver.)","Release 2020-09-01","(Expected) Date of stock 2020-09-21","USD 15.57 USD 19.36","Sales 1,666"
"Seo Jun hyeok - Album [Mukdong Museum of Contemporary Art]","Release 2020-09-01","(Expected) Date of stock 2020-08-31","USD 13.73 USD 17.60",""
"(Out Of Stock) BLACKPINK - 2020 BLACKPINK'S SUMMER DIARY IN SEOUL KiT VIDEO","Release 2020-08-31","(Expected) Date of stock 2020-09-04","USD 37.83","Sales 7,128"
"[DVD] BLACKPINK - 2020 BLACKPINK'S SUMMER DIARY IN SEOUL DVD","Release 2020-08-31","(Expected) Date of stock 2020-09-22","USD 37.83","Sales 40,227"
"[PHOTOBOOK] KIM YO HAN - 1st PHOTOBOOK [One day after another]","Release 2020-08-31","(Expected) Date of stock 2020-08-31","USD 32.55","Sales 1,880"
"(Out Of Stock) [Photobook] Stray Kids - STRAY KIDS 2nd PHOTOBOOK [stay in playground]","Release 2020-08-31","(Expected) Date of stock 2020-09-02","USD 38.71","Sales 6,993"
"Hyo Lyn - EP Album [SAY MY NAME]","Release 2020-08-28","(Expected) Date of stock 2020-09-08","USD 12.49 USD 16.28","Sales 589"
"OnlyOneOf - Album [Produced by [ ] Part2] (FIRE VER) (first press)","Release 2020-08-28","(Expected) Date of stock 2020-08-27","USD 10.12 USD 12.93","Sales 1,294"
"OnlyOneOf - Album [Produced by [ ] Part2] (FIRE VER) (Second press)","Release 2020-08-28","(Expected) Date of stock 2020-09-11","USD 10.12 USD 12.93","Sales 16"
"OnlyOneOf - Album [Produced by [ ] Part2] (ICE VER) (Second press)","Release 2020-08-28","(Expected) Date of stock 2020-09-15","USD 10.12 USD 12.93","Sales 1,236"
"Purple Rain - Album [Wanderer Fantasy]","Release 2020-08-27","(Expected) Date of stock 2020-08-26","USD 14.34 USD 17.60","Sales 459"
"BOTOPASS - Single Album [Flamingo]","Release 2020-08-26","(Expected) Date of stock 2020-09-14","USD 11.26 USD 14.52","Sales 67"
"MCND - Mini Album Vol.1 [EARTH AGE] (EARTH Ver.)","Release 2020-08-26","(Expected) Date of stock 2020-09-21","USD 15.57 USD 19.36","Sales 642"
"MCND - Mini Album Vol.1 [EARTH AGE] (KEPLER Ver.)","Release 2020-08-26","(Expected) Date of stock 2020-08-25","USD 15.57 USD 19.36","Sales 538"
"CRAVITY - Album SEASON2. [HIDEOUT: THE NEW DAY WE STEP INTO] (Random Ver.) (first press) (Ktown4u Pre-order benefit : Photocard 1p) *Different versions will be sent in case of purchasing 3 or more","Release 2020-08-25","(Expected) Date of stock 2020-08-19","USD 13.11 USD 16.28","Sales 14,649"
"[SET][3CD SET] CRAVITY - Album SEASON2. [HIDEOUT: THE NEW DAY WE STEP INTO] (Ver.1 + Ver.2 + Ver.3) (Ktown4u Pre-order benefit : Photocard 3p 1set)","Release 2020-08-25","(Expected) Date of stock 2020-08-24","USD 39.32 USD 48.82","Sales 1,617"
"[Sign Event] CRAVITY - Album SEASON2. [HIDEOUT: THE NEW DAY WE STEP INTO] (Random Ver.)","Release 2020-08-25","(Expected) Date of stock 2020-09-21","USD 13.11 USD 16.28",""
"Into The Ring O.S.T - KBS2 Drama (Track List : DREAMCATCHER, This Month’s Girl (LOONA))","Release 2020-08-25","(Expected) Date of stock 2020-08-24","USD 11.26 USD 14.52","Sales 38"
"DONGKIZ - Single Album Vol.3 [自我] (ILLUSION Ver.)","Release 2020-08-20","(Expected) Date of stock 2020-08-19","USD 12.67 USD 16.28","Sales 51"
"DONGKIZ - Single Album Vol.3 [自我] (REALITY Ver.)","Release 2020-08-20","(Expected) Date of stock 2020-08-19","USD 12.67 USD 16.28","Sales 42"
"ONEUS - Mini Album Vol.4 [LIVED]","Release 2020-08-20","(Expected) Date of stock 2020-09-21","USD 12.93 USD 16.28","Sales 6,464"
"DREAMCATCHER - Mini Album Vol.5 [Dystopia : Lose Myself] (Nomal Edition) (E Ver.)","Release 2020-08-19","(Expected) Date of stock 2020-09-15","USD 11.88 USD 15.31","Sales 6,372"
"DREAMCATCHER - Mini Album Vol.5 [Dystopia : Lose Myself] (Nomal Edition) (H Ver.)","Release 2020-08-19","(Expected) Date of stock 2020-09-11","USD 11.88 USD 15.31","Sales 6,116"
"DREAMCATCHER - Mini Album Vol.5 [Dystopia : Lose Myself] (Pre-order Limited Edition)","Release 2020-08-19","(Expected) Date of stock 2020-08-25","USD 11.88 USD 15.31","Sales 7,390"
"Kim Jae Hwan - LP Album [MOMENT] (5,000 Limited Edition)","Release 2020-08-19","(Expected) Date of stock 2020-08-19","USD 39.59","Sales 150"
"ZAI.RO - Album Vol.3 [Good Boy]","Release 2020-08-19","(Expected) Date of stock 2020-09-21","USD 13.20 USD 16.98","Sales 131"
"DREAMCATCHER - Mini Album Vol.5 [Dystopia : Lose Myself] (Limited Edition)","Release 2020-08-18","(Expected) Date of stock 2020-09-11","USD 16.89 USD 21.73","Sales 8,216"
"ITZY - Album [Not Shy] (Random Ver.) *Different versions will be sent in case of purchasing 3 or more","Release 2020-08-18","(Expected) Date of stock 2020-08-17","USD 11.62 USD 14.52","Sales 26,991"
"LUCY - Mini Album Vol.1 [PANORAMA]","Release 2020-08-14","(Expected) Date of stock 2020-09-21","USD 16.81 USD 20.94","Sales 838"
"SSAK3 - Special Album Package (Normal ver.) * to buy poster, please select the poster option","Release 2020-08-14","(Expected) Date of stock 2020-08-28","USD 9.59",""
"SSAK3 - Special Album Package (Special ver.) * to buy poster, please select the poster option","Release 2020-08-14","(Expected) Date of stock 2020-08-28","USD 29.30",""
"(Out Of Stock) It's Okay to Not Be Okay O.S.T - tvN Drama (Track list : Heize)","Release 2020-08-14","(Expected) Date of stock 2020-08-21","USD 22.43 USD 29.03","Sales 2,000"
"[Photobook] This Month’s Girl (LOONA) - 2020 SUMMER PACKAGE LOONA ISLAND : 소녀들이 만난 여름","Release 2020-08-14","(Expected) Date of stock 2020-08-13","USD 38.71","Sales 1,732"
"Park Jung Hyun (Lena Park) - Album Vol.4 [My Songs]","Release 2020-08-13","(Expected) Date of stock 2020-09-14","USD 9.94 USD 12.93","Sales 4"
"TREASURE - Single Album Vol.1 [THE FIRST STEP : CHAPTER ONE] (BLACK Ver.)","Release 2020-08-13","(Expected) Date of stock 2020-09-10","USD 12.06 USD 16.19","Sales 67,737"
"TREASURE - Single Album Vol.1 [THE FIRST STEP : CHAPTER ONE] (WHITE Ver.)","Release 2020-08-13","(Expected) Date of stock 2020-09-10","USD 12.06 USD 16.19","Sales 63,595"
"(Out Of Stock) Park Bo Gum - Album [ALL MY LOVE] (Limited Edition)","Release 2020-08-12","(Expected) Date of stock 2020-08-12","USD 10.30 USD 12.93","Sales 315"
"(Out Of Stock) [PHOTOBOOK] MONSTA X - MONSTA X 2020 PHOTO BOOK *Ktown4u Pre-order benefit : Sticker 2p 1set","Release 2020-08-12","(Expected) Date of stock 2020-08-11","USD 36.95","Sales 1,528"
"[PHOTOBOOK] WJSN (Cosmic Girls) - WJSN 1ST PHOTOBOOK [ON&OFF] Ego : OFF","Release 2020-08-12","(Expected) Date of stock 2020-08-12","USD 35.19","Sales 2,154"
"[PHOTOBOOK] WJSN (Cosmic Girls) - WJSN 1ST PHOTOBOOK [ON&OFF] Persona : ON","Release 2020-08-12","(Expected) Date of stock 2020-08-12","USD 35.19","Sales 2,522"
"HAN SEUNG WOO - Mini Album Vol.1 [Fame] (HAN Ver.)","Release 2020-08-11","(Expected) Date of stock 2020-09-09","USD 12.93 USD 16.28","Sales 5,114"
"HAN SEUNG WOO - Mini Album Vol.1 [Fame] (SEUNG ver.)","Release 2020-08-11","(Expected) Date of stock 2020-09-21","USD 12.93 USD 16.28","Sales 5,293"
"HAN SEUNG WOO - Mini Album Vol.1 [Fame] (WOO ver.)","Release 2020-08-11","(Expected) Date of stock 2020-09-14","USD 12.93 USD 16.28","Sales 4,936"
"ONF - Mini Album Vol.5 [SPIN OFF]","Release 2020-08-11","(Expected) Date of stock 2020-08-19","USD 13.11 USD 16.28","Sales 704"
"[SET][3CD SET] HAN SEUNG WOO - Mini Album Vol.1 [Fame] (HAN ver + SEUNG ver. + WOO ver.)","Release 2020-08-11","(Expected) Date of stock 2020-08-10","USD 38.80 USD 48.82","Sales 347"
"Backstreet Rookie O.S.T - SBS Drama (Track list : Kang Daniel, APRIL, WJSN)","Release 2020-08-11","(Expected) Date of stock 2020-09-11","USD 19.45 USD 24.19","Sales 108"
"(Out Of Stock) Baek Ye Rin - Album Vol.1 [Every letter I sent you] LP (Normal Edition)","Release 2020-08-07","(Expected) Date of stock 2020-08-08","USD 47.86 USD 59.73","Sales 600"
"SUPER JUNIOR - SUPER JUNIOR WORLD TOUR [SUPER SHOW 8 : INFINITE TIME] Kit Video *Due to the built-in battery of the Khino album, only 1 item could be ordered and shipped at a time.","Release 2020-08-07","(Expected) Date of stock 2020-08-12","USD 37.12","Sales 7,941"
"(Out Of Stock) Sandeul - Album [My Little Thought Ep.01] (Limited Edition)","Release 2020-08-06","(Expected) Date of stock 2020-08-05","USD 14.96 USD 18.56","Sales 100"
"(Out Of Stock) CODE KUNST - Album Vol.4 [PEOPLE] (2LP)","Release 2020-08-05","(Expected) Date of stock 2020-08-05","USD 55.33 USD 70.90","Sales 130"
"DANGGISIO - EP Album [Last Dream]","Release 2020-08-05","(Expected) Date of stock 2020-08-18","USD 12.49 USD 16.28","Sales 1"
"Kyung Je Hwan - Album Vol.1 [[PARAN ALBUM] Part.1]","Release 2020-08-05","(Expected) Date of stock 2020-08-24","USD 12.93 USD 16.28","Sales 8"
"ROCKET PUNCH - Mini Album Vol.3 [BLUE PUNCH]","Release 2020-08-05","(Expected) Date of stock 2020-09-21","USD 12.67 USD 15.84","Sales 1,283"
"(G)I-DLE - Single Album [DUMDi DUMDi] (DAY Ver.) *Ktown4u Pre-order benefit","Release 2020-08-04","(Expected) Date of stock 2020-08-04","USD 13.11 USD 16.28","Sales 9,066"
"(G)I-DLE - Single Album [DUMDi DUMDi] (NIGHT Ver.) *Ktown4u Pre-order benefit","Release 2020-08-04","(Expected) Date of stock 2020-08-04","USD 13.11 USD 16.28","Sales 9,001"
"Kang Daniel - Mini Album Vol.2 [MAGENTA] (Random Ver.) *Different versions will be sent in case of purchasing 2 or more","Release 2020-08-04","(Expected) Date of stock 2020-08-19","USD 12.32 USD 15.31","Sales 114,449"
"KEEMBO - Single Album [99(GUGU)]","Release 2020-08-04","(Expected) Date of stock 2020-08-03","USD 6.87 USD 8.80","Sales 34"
"SATURDAY - Single Album Vol.4 [D.B.D.B.DIB]","Release 2020-08-04","(Expected) Date of stock 2020-08-04","USD 10.65 USD 13.73","Sales 287"
"S.I.S - Single Album Vol.4 [기다리지 말아요]","Release 2020-08-01","(Expected) Date of stock 2020-08-01","USD 10.65 USD 13.73","Sales 10"
"Eric Nam - Mini Album Vol.4 [The Other Side]","Release 2020-07-31","(Expected) Date of stock 2020-09-14","USD 13.81 USD 17.60","Sales 475"
"nokdu - Album [Mersey]","Release 2020-07-31","(Expected) Date of stock 2020-08-24","USD 9.77 USD 13.02","Sales 4"
"[PHOTOBOOK] CRAVITY - CRAVITY SUMMER PACKAGE ‘COME TOGETHER’ PLAY VER","Release 2020-07-31","(Expected) Date of stock 2020-08-08","USD 33.87","Sales 168"
"ATEEZ - Mini Album Vol.5 [ZERO : FEVER Part.1] (DIARY Ver) *Ktown4u Pre-order benefit : Selfie Photocard 1p","Release 2020-07-30","(Expected) Date of stock 2020-08-28","USD 12.58 USD 16.28","Sales 20,227"
"ATEEZ - Mini Album Vol.5 [ZERO : FEVER Part.1] (INCEPTION Ver) *Ktown4u Pre-order benefit : Selfie Photocard 1p","Release 2020-07-30","(Expected) Date of stock 2020-09-05","USD 12.58 USD 16.28","Sales 19,397"
"ATEEZ - Mini Album Vol.5 [ZERO : FEVER Part.1] (THANXX Ver) *Ktown4u Pre-order benefit : Selfie Photocard 1p","Release 2020-07-30","(Expected) Date of stock 2020-09-21","USD 12.58 USD 16.28","Sales 19,918"
"divin' - Album Vol.1 [RUN THE NEW PATH]","Release 2020-07-28","(Expected) Date of stock 2020-08-03","USD 11.62 USD 14.52","Sales 4"
"Yoon Doo Jun - Mini Album Vol.1 [Daybreak] (Break Ver.)","Release 2020-07-28","(Expected) Date of stock 2020-08-13","USD 15.57 USD 19.36","Sales 3,642"
"Yoon Doo Jun - Mini Album Vol.1 [Daybreak] (Day Ver.)","Release 2020-07-28","(Expected) Date of stock 2020-08-13","USD 15.57 USD 19.36","Sales 3,490"
"[SET][2CD SET] Yoon Doo Jun - Mini Album Vol.1 [Daybreak] (Day Ver. + Break Ver.)","Release 2020-07-28","(Expected) Date of stock 2020-07-27","USD 31.14 USD 38.71","Sales 74"
"My Unfamiliar Family O.S.T - tvN Drama (Track list : Victon)","Release 2020-07-22","(Expected) Date of stock 2020-09-11","USD 13.81 USD 17.77","Sales 13"
"(Out Of Stock) Pink fantasy - Signle Album Vol.4 [(Shadow Play] (White Ver.) (Limited Edition)","Release 2020-07-21","(Expected) Date of stock 2020-08-01","USD 15.75 USD 19.36","Sales 100"
"1THE9 - Mini Album Vol.3 [Turn Over]","Release 2020-07-18","(Expected) Date of stock 2020-08-14","USD 15.57 USD 19.36","Sales 269"
"Pink fantasy - Signle Album Vol.4 [(Shadow Play] (Black Ver.)","Release 2020-07-18","(Expected) Date of stock 2020-08-10","USD 11.00 USD 13.55","Sales 131"
"BLACKPINK - SPECIAL EDITION [How You Like That] *Ktown4u Pre-order benefit : Photocard 1set","Release 2020-07-17","(Expected) Date of stock 2020-09-14","USD 14.61 USD 19.53","Sales 20,450"
"Jung Eun Ji - Mini Album Vol.4 [Simple] (second press)","Release 2020-07-16","(Expected) Date of stock 2020-09-15","USD 11.62 USD 14.52","Sales 80"
"KIM SUNG KYU - SOLO CONCERT KIT VIDEO","Release 2020-07-16","(Expected) Date of stock 2020-07-15","USD 48.38","Sales 342"
"TOO - Mini Album Vol.2 [Running TOOgether]","Release 2020-07-16","(Expected) Date of stock 2020-09-15","USD 13.29 USD 16.98","Sales 901"
"[DVD] KIM SUNG KYU - SOLO CONCERT DVD","Release 2020-07-16","(Expected) Date of stock 2020-08-24","USD 39.59","Sales 625"
"Red Velvet : IRENE & SEULGI - Mini Album Vol.1 [Monster] (Base Note Ver.)","Release 2020-07-15","(Expected) Date of stock 2020-09-21","USD 11.62 USD 14.52","Sales 21,786"
"[SET][2CD SET] Jeong Se Woon - Album Vol.1 [<24> Part.1] (TO Ver. + FOR Ver.)","Release 2020-07-15","(Expected) Date of stock 2020-07-14","USD 28.68 USD 35.19","Sales 46"
"EXO-SC - Album Vol.1 [1 Billion Views] (Random Ver.)","Release 2020-07-14","(Expected) Date of stock 2020-09-07","USD 14.34 USD 17.60","Sales 43,435"
"GFRIEND - Album [回:Song of the Sirens] (A ver.) *Unable to apply for a signing event","Release 2020-07-14","(Expected) Date of stock 2020-07-13","USD 16.81 USD 20.94","Sales 9,717"
"GFRIEND - Album [回:Song of the Sirens] (B ver.) *Unable to apply for a signing event","Release 2020-07-14","(Expected) Date of stock 2020-07-13","USD 16.81 USD 20.94","Sales 8,871"
"GFRIEND - Album [回:Song of the Sirens] (T ver.) *Unable to apply for a signing event","Release 2020-07-14","(Expected) Date of stock 2020-07-13","USD 16.81 USD 20.94","Sales 8,234"
"Sik-K - Album [HEADRINER (Deluxe Edition)]","Release 2020-07-14","(Expected) Date of stock 2020-07-13","USD 13.81 USD 17.60","Sales 783"
"Dinner Mate O.S.T - MBC Drama","Release 2020-07-14","(Expected) Date of stock 2020-09-11","USD 11.26 USD 14.55","Sales 43"
"CHUNG HA - Single Album [MAXI SINGLE]","Release 2020-07-10","(Expected) Date of stock 2020-09-15","USD 11.35 USD 14.52","Sales 2,108"
"CIX - EP Album Vol.3 [HELLO Chapter 3. Hello, Strange Time] (Hello Ver.)","Release 2020-07-10","(Expected) Date of stock 2020-08-31","USD 13.73 USD 17.77","Sales 2,092"
"CIX - EP Album Vol.3 [HELLO Chapter 3. Hello, Strange Time] (Strange Time Ver.)","Release 2020-07-10","(Expected) Date of stock 2020-08-31","USD 13.73 USD 17.77","Sales 1,842"
"SHIN YONG JAE - Album Vol.1 [Dear]","Release 2020-07-10","(Expected) Date of stock 2020-07-09","USD 18.12 USD 22.61","Sales 3"
"VINXEN - Album [유사인간]","Release 2020-07-10","(Expected) Date of stock 2020-09-09","USD 14.34 USD 17.60","Sales 621"
"[SET][2CD SET] CIX - EP Album Vol.3 [HELLO Chapter 3. Hello, Strange Time] (Hello Ver. + Strange Time Ver.)","Release 2020-07-10","(Expected) Date of stock 2020-08-31","USD 27.45 USD 35.54","Sales 134"
"GreatGuys - Mini Album Vol.3 [We're Not Alone_Chapter2:You&Me]","Release 2020-07-09","(Expected) Date of stock 2020-09-15","USD 12.49 USD 15.84","Sales 57"
"DONGKIZ - Single Album Vol.1 [Y.O.U] (TWINS Ver.)","Release 2020-07-08","(Expected) Date of stock 2020-07-07","USD 11.35 USD 14.52","Sales 47"
"DONGKIZ - Single Album Vol.1 [Y.O.U] (YOUTH Ver.)","Release 2020-07-08","(Expected) Date of stock 2020-07-07","USD 11.35 USD 14.52","Sales 56"
"KIM SOO CHAN - Mini Album Vol.1 [SooChan karaoke]","Release 2020-07-07","(Expected) Date of stock 2020-07-06","USD 10.30 USD 12.93","Sales 10"
"Red Velvet : IRENE & SEULGI - Mini Album Vol.1 [Monster] (Middle Note Ver.)","Release 2020-07-07","(Expected) Date of stock 2020-09-16","USD 16.81 USD 20.94","Sales 19,115"
"Red Velvet : IRENE & SEULGI - Mini Album Vol.1 [Monster] (Top Note Ver.)","Release 2020-07-07","(Expected) Date of stock 2020-09-16","USD 16.81 USD 20.94","Sales 20,097"
"SF9 - Mini Album Vol.8 [9loryUS] (Random Ver.)","Release 2020-07-07","(Expected) Date of stock 2020-09-01","USD 15.57 USD 19.36","Sales 299"
"[SET][2CD SET] SF9 - Mini Album Vol.8 [9loryUS] (GOLDNE CHASER Ver. + BLACK CHASER Ver.)","Release 2020-07-07","(Expected) Date of stock 2020-07-06","USD 31.14 USD 38.71","Sales 468"
"Soul Mechanic O.S.T - KBS2 Drama (Teack list : HOPPIPOLLA Ha Hyun Sang, APINK)","Release 2020-07-07","(Expected) Date of stock 2020-07-08","USD 12.93 USD 16.28","Sales 7"
"Mystic Pop-up Bar O.S.T - JTBC Drama (BTOB : Yook Sung Jae)","Release 2020-07-04","(Expected) Date of stock 2020-09-11","USD 14.34 USD 17.60","Sales 126"
"Seventeen - Mini Album Vol.7 [Heng : garae] (HANA Ver.)","Release 2020-07-03","(Expected) Date of stock 2020-08-04","USD 12.76 USD 16.28","Sales 111,108"
"Seventeen - Mini Album Vol.7 [Heng : garae] (NET Ver.)","Release 2020-07-03","(Expected) Date of stock 2020-07-31","USD 12.76 USD 16.28","Sales 113,867"
"(Out Of Stock) [PHOTOBOOK] MOON BYUL - ONTACT PHOTOBOOK -IN","Release 2020-07-03","(Expected) Date of stock 2020-07-09","USD 26.39","Sales 2,700"
"LEE JIN HYUK - Mini [Splash!] (iii ver.)","Release 2020-07-02","(Expected) Date of stock 2020-07-10","USD 15.57 USD 19.36","Sales 853"
"LEE JIN HYUK - Mini [Splash!] (ooo ver.)","Release 2020-07-02","(Expected) Date of stock 2020-07-10","USD 15.57 USD 19.36","Sales 915"
"VERIVERY - Mini Album Vol.4 [FACE YOU] (OFFICIAL Ver.)","Release 2020-07-02","(Expected) Date of stock 2020-08-01","USD 12.67 USD 16.28","Sales 946"
"Hwa sa - Mini Album Vol.1 [María] (Random Ver.)","Release 2020-06-30","(Expected) Date of stock 2020-09-21","USD 15.57 USD 19.36","Sales 3,861"
"WOODZ - Mini Album Vol.1 [EQUAL] (COSMIC Ver.)","Release 2020-06-30","(Expected) Date of stock 2020-08-19","USD 13.55 USD 17.60","Sales 33,175"
"[DVD] Apink - 2020 Apink 6th Concert DVD [Welcome to PINK WORLD]","Release 2020-06-30","(Expected) Date of stock 2020-06-29","USD 34.84","Sales 357"
"AB6IX - EP Album Vol.2 [VIVID] (D Ver.)","Release 2020-06-29","(Expected) Date of stock 2020-08-24","USD 15.57 USD 20.24","Sales 7,541"
"AB6IX - EP Album Vol.2 [VIVID] (I Ver.)","Release 2020-06-29","(Expected) Date of stock 2020-07-23","USD 15.57 USD 20.24","Sales 7,557"
"AB6IX - EP Album Vol.2 [VIVID] (V Ver.)","Release 2020-06-29","(Expected) Date of stock 2020-09-21","USD 15.57 USD 20.24","Sales 9,207"
"BAEK HYUN - Mini Album Vol.2 [Delight] (Chemistry Ver.)","Release 2020-06-29","(Expected) Date of stock 2020-09-21","USD 14.34 USD 17.68","Sales 93,965"
"BAEK HYUN - Mini Album Vol.2 [Delight] (Kit Ver.) (Cinnamon Ver.)","Release 2020-06-26","(Expected) Date of stock 2020-07-10","USD 16.81 USD 20.94","Sales 6,596"
"pH-1 - Mini Album [X]","Release 2020-06-25","(Expected) Date of stock 2020-06-30","USD 13.20 USD 16.98","Sales 1,815"
"A Man and A Woma O.S.T - Audio Cinema (Kit Album)","Release 2020-06-25","(Expected) Date of stock 2020-08-11","USD 21.82 USD 29.03","Sales 1"
"Bandage - Album Vol.1 [432]","Release 2020-06-23","(Expected) Date of stock 2020-06-22","USD 12.93 USD 16.28","Sales 214"
"Seventeen - Mini Album Vol.7 [Heng : garae] (Kit Album) *Due to the built-in battery of the Khino album, only 1 item could be ordered and shipped at a time.","Release 2020-06-23","(Expected) Date of stock 2020-08-10","USD 18.65 USD 23.75","Sales 3,071"
"TAEYEON - TAEYEON Concert -The UNSEEN KiT Video *Due to the built-in battery of the Khino album, only 1 item could be ordered and shipped at a time.","Release 2020-06-23","(Expected) Date of stock 2020-06-23","USD 37.12","Sales 4,867"
"AWEEK - Single Album Vol.2 [BETTER TODAY]","Release 2020-06-19","(Expected) Date of stock 2020-08-24","USD 11.62 USD 14.52","Sales 23"
"BURSTERS - Album Vol.2 [Once and for All] (Vinyl (Double LP))","Release 2020-06-19","(Expected) Date of stock 2020-06-18","USD 68.62 USD 85.50","Sales 1"
"WayV - Album Vol.1 [Awaken The World] (Random Ver.)","Release 2020-06-19","(Expected) Date of stock 2020-09-14","USD 15.57 USD 19.36","Sales 8,000"
"Weki Meki - Mini Album Vol.3 [HIDE and SEEK] (HIDE Ver.) *Ktown4u Pre-order benefit : Unrevealed Photocard 1set","Release 2020-06-19","(Expected) Date of stock 2020-09-21","USD 12.32 USD 15.31","Sales 1,324"
"Weki Meki - Mini Album Vol.3 [HIDE and SEEK] (SEEK Ver.) *Ktown4u Pre-order benefit : Unrevealed Photocard 1set","Release 2020-06-19","(Expected) Date of stock 2020-09-14","USD 12.32 USD 15.31","Sales 1,378"
"Alive Funk - Album Vol.1 [Alive Funk]","Release 2020-06-18","(Expected) Date of stock 2020-06-23","USD 11.62 USD 14.52","Sales 2"
"D1CE - Mini Album Vol.2 [DRAW YOU : REMEMBER ME]","Release 2020-06-18","(Expected) Date of stock 2020-09-15","USD 12.32 USD 15.31","Sales 150"
"IZ*ONE - Mini Album Vol.3 [Oneiric Diary] (3D Ver.)","Release 2020-06-18","(Expected) Date of stock 2020-09-21","USD 16.54 USD 20.94","Sales 22,084"
"IZ*ONE - Mini Album Vol.3 [Oneiric Diary] (Kit Album) *Due to the built-in battery of the Khino album, only 1 item could be ordered and shipped at a time.","Release 2020-06-18","(Expected) Date of stock 2020-06-17","USD 18.65 USD 23.75","Sales 3,377"
"NATURE - Single Album Vol.3 [NATURE WORLD CODE: M]","Release 2020-06-18","(Expected) Date of stock 2020-09-14","USD 11.44 USD 14.52","Sales 832"
"Stray Kids - Album Vol.1 [GO生] (Standard Edition) (Random Ver.)","Release 2020-06-18","(Expected) Date of stock 2020-09-16","USD 15.57 USD 19.36","Sales 6,977"
"[Brazil] [Wanna be friends with NATURE] NATURE - Single Album Vol.3 [NATURE WORLD CODE: M]","Release 2020-06-18","(Expected) Date of stock 2020-11-20","USD 11.44 USD 14.52",""
"[Chile] [Wanna be friends with NATURE] NATURE - Single Album Vol.3 [NATURE WORLD CODE: M]","Release 2020-06-18","(Expected) Date of stock 2020-11-20","USD 11.44 USD 14.52",""
"[France] [Wanna be friends with NATURE] NATURE - Single Album Vol.3 [NATURE WORLD CODE: M]","Release 2020-06-18","(Expected) Date of stock 2020-11-20","USD 11.44 USD 14.52",""
"[Germany] [Wanna be friends with NATURE] NATURE - Single Album Vol.3 [NATURE WORLD CODE: M]","Release 2020-06-18","(Expected) Date of stock 2020-11-20","USD 11.44 USD 14.52",""
"[Japan] [Wanna be friends with NATURE] NATURE - Single Album Vol.3 [NATURE WORLD CODE: M]","Release 2020-06-18","(Expected) Date of stock 2020-11-20","USD 11.44 USD 14.52",""
"[Mexico] [Wanna be friends with NATURE] NATURE - Single Album Vol.3 [NATURE WORLD CODE: M]","Release 2020-06-18","(Expected) Date of stock 2020-11-20","USD 11.44 USD 14.52",""
"[Netherlands] [Wanna be friends with NATURE] NATURE - Single Album Vol.3 [NATURE WORLD CODE: M]","Release 2020-06-18","(Expected) Date of stock 2020-11-20","USD 11.44 USD 14.52",""
"[Peru] [Wanna be friends with NATURE] NATURE - Single Album Vol.3 [NATURE WORLD CODE: M]","Release 2020-06-18","(Expected) Date of stock 2020-11-20","USD 11.44 USD 14.52",""
"[Poland] [Wanna be friends with NATURE] NATURE - Single Album Vol.3 [NATURE WORLD CODE: M]","Release 2020-06-18","(Expected) Date of stock 2020-11-20","USD 11.44 USD 14.52",""
"[Portugal] [Wanna be friends with NATURE] NATURE - Single Album Vol.3 [NATURE WORLD CODE: M]","Release 2020-06-18","(Expected) Date of stock 2020-11-20","USD 11.44 USD 14.52",""
"[Romania] [Wanna be friends with NATURE] NATURE - Single Album Vol.3 [NATURE WORLD CODE: M]","Release 2020-06-18","(Expected) Date of stock 2020-11-20","USD 11.44 USD 14.52",""
"[Spain] [Wanna be friends with NATURE] NATURE - Single Album Vol.3 [NATURE WORLD CODE: M]","Release 2020-06-18","(Expected) Date of stock 2020-11-20","USD 11.44 USD 14.52",""
"[U.S.A] [Wanna be friends with NATURE] NATURE - Single Album Vol.3 [NATURE WORLD CODE: M]","Release 2020-06-18","(Expected) Date of stock 2020-11-20","USD 11.44 USD 14.52",""
"[UK] [Wanna be friends with NATURE] NATURE - Single Album Vol.3 [NATURE WORLD CODE: M]","Release 2020-06-18","(Expected) Date of stock 2020-11-20","USD 11.44 USD 14.52",""
"C JAMM - Mini Album Vol.1 [KEUNG]","Release 2020-06-17","(Expected) Date of stock 2020-09-11","USD 14.34 USD 17.60","Sales 136"
"When My Love Blooms O.S.T - tvN Drama","Release 2020-06-17","(Expected) Date of stock 2020-09-14","USD 13.90 USD 17.60","Sales 222"
"IZ*ONE - Mini Album Vol.3 [Oneiric Diary] (Diary Ver.)","Release 2020-06-16","(Expected) Date of stock 2020-06-29","USD 13.99 USD 17.68","Sales 30,979"
"IZ*ONE - Mini Album Vol.3 [Oneiric Diary] (Fantasy Ver.)","Release 2020-06-16","(Expected) Date of stock 2020-09-21","USD 13.99 USD 17.68","Sales 29,588"
"Lee Sun Hee - Album Vol.16 [Regards]","Release 2020-06-16","(Expected) Date of stock 2020-06-15","USD 11.62 USD 14.52","Sales 553"
"Blase - EP Album Vol.2 [WAGWAN]","Release 2020-06-15","(Expected) Date of stock 2020-06-15","USD 13.29 USD 17.68","Sales 15"
"The King: Eternal Monarch O.S.T - SBS Drama (Track list : Hwa sa, Ha sung woon, Zico & Wendy)","Release 2020-06-13","(Expected) Date of stock 2020-09-10","USD 21.64 USD 27.36","Sales 577"
"MOMOLAND - Special Album [Starry Night]","Release 2020-06-12","(Expected) Date of stock 2020-06-11","USD 9.15 USD 11.26","Sales 817"
"DIA - Mini Album Vol.6 [Flower 4 Seasons] (Flower Ver.)","Release 2020-06-11","(Expected) Date of stock 2020-06-10","USD 15.57 USD 19.36","Sales 340"
"DIA - Mini Album Vol.6 [Flower 4 Seasons] (Seasons Ver.)","Release 2020-06-11","(Expected) Date of stock 2020-06-10","USD 15.57 USD 19.36","Sales 292"
"N.Flying - Mini Album Vol.7 [So, 通 (소통)] (Random Ver.)","Release 2020-06-11","(Expected) Date of stock 2020-07-15","USD 14.96 USD 18.56","Sales 353"
"[SET][2CD SET] N.Flying - Mini Album Vol.7 [So, 通 (소통)] (COMMUNICATION Ver. + MIS-COMMUNICATION Ver.)","Release 2020-06-11","(Expected) Date of stock 2020-06-10","USD 29.91 USD 37.12","Sales 473"
"Hospital Playlist O.S..T - tvN Drama (Kit Album) (99 Ver.) *Due to the built-in battery of the Khino album, only 1 item could be ordered and shipped at a time.","Release 2020-06-11","(Expected) Date of stock 2020-06-19","USD 25.43 USD 32.25","Sales 889"
"Hospital Playlist O.S..T - tvN Drama (Kit Album) (Doctor Ver.) *Due to the built-in battery of the Khino album, only 1 item could be ordered and shipped at a time.","Release 2020-06-11","(Expected) Date of stock 2020-09-21","USD 25.43 USD 32.25","Sales 1,408"
"E'LAST - Mini Album Vol.1 [Day Dream] (Day Ver.)","Release 2020-06-10","(Expected) Date of stock 2020-09-21","USD 12.93 USD 16.28","Sales 365"
"WJSN (Cosmic Girls) - Mini Album [Neverland] (Random Ver.) (second press)","Release 2020-06-10","(Expected) Date of stock 2020-09-07","USD 12.93 USD 16.28","Sales 922"
"[SET][3CD SET] WJSN (Cosmic Girls) - Mini Album [Neverland] (VER.Ⅰ + VER.Ⅱ + VER.Ⅲ)","Release 2020-06-10","(Expected) Date of stock 2020-06-17","USD 38.80 USD 48.82","Sales 934"
"[Blu-Ray] AB6IX - AB6IX 1ST WORLD TOUR <6IXENSE> IN SEOUL BLU-RAY","Release 2020-06-10","(Expected) Date of stock 2020-09-21","USD 48.38","Sales 617"
"HA HYUN SANG - EP Album Vol.2 [The Edge]","Release 2020-06-09","(Expected) Date of stock 2020-06-08","USD 12.58 USD 16.28","Sales 496"
"Ha Sung Woon - Mini Album Vol.3 [Twilight Zone] (Black Ver.)","Release 2020-06-09","(Expected) Date of stock 2020-06-24","USD 15.57 USD 19.36","Sales 3,821"
"Ha Sung Woon - Mini Album Vol.3 [Twilight Zone] (White Ver.)","Release 2020-06-09","(Expected) Date of stock 2020-06-24","USD 15.57 USD 19.36","Sales 3,823"
"Leellamarz , TOIL - Album [TOYSTORY2]","Release 2020-06-09","(Expected) Date of stock 2020-09-11","USD 11.88 USD 15.22","Sales 103"
"SEO EUNKWANG - Mini Album Vol.1 [FoRest : Entrance] (Light Ver.)","Release 2020-06-09","(Expected) Date of stock 2020-08-20","USD 12.93 USD 16.28","Sales 504"
"SEO EUNKWANG - Mini Album Vol.1 [FoRest : Entrance] (Silver Ver.)","Release 2020-06-09","(Expected) Date of stock 2020-09-11","USD 12.93 USD 16.28","Sales 454"
"Super Junior K.R.Y. - Mini Album Vol.1 [When We Were Us] (Random Ver.)","Release 2020-06-09","(Expected) Date of stock 2020-09-08","USD 14.34 USD 17.68","Sales 3,061"
"[Blu-Ray] TWICE - TWICE WORLD TOUR 2019 'TWICELIGHTS' IN SEOUL BLU-RAY","Release 2020-06-05","(Expected) Date of stock 2020-09-21","USD 48.38","Sales 859"
"South Carnival - EP Album [Cloud9]","Release 2020-06-02","(Expected) Date of stock 2020-06-01","USD 8.71 USD 11.26","Sales 1"
"TWICE - Mini Album Vol.9 [MORE & MORE] (Random Ver.)","Release 2020-06-02","(Expected) Date of stock 2020-09-14","USD 14.34 USD 17.60","Sales 14,050"
"Moon Byul - Repackage Mini Album Vol.2 [門OON : Repackage] (Kit Album) *Due to the built-in battery of the Khino album, only 1 item could be ordered and shipped at a time.","Release 2020-05-29","(Expected) Date of stock 2020-09-10","USD 16.81 USD 20.94","Sales 4,381"
"SECRET NUMBER - Single Album Vol.1 [Who Dis?]","Release 2020-05-28","(Expected) Date of stock 2020-09-14","USD 11.62 USD 14.52","Sales 1,256"
"ONEWE - 1st Full Album [ONE]","Release 2020-05-27","(Expected) Date of stock 2020-09-15","USD 15.05 USD 19.36","Sales 1,418"
"[SET][4CD SET] MONSTA X - Mini Album [FANTASIA X] (Ver.1 + Ver.2 + Ver.3 + Ver.4)","Release 2020-05-27","(Expected) Date of stock 2020-05-26","USD 51.73 USD 65.10","Sales 1,121"
"BAEK HYUN - Mini Album Vol.2 [Delight] (CINNAMON Ver.)","Release 2020-05-26","(Expected) Date of stock 2020-06-26","USD 14.34 USD 17.60","Sales 139,738"
"BAEK HYUN - Mini Album Vol.2 [Delight] (HONEY Ver.)","Release 2020-05-26","(Expected) Date of stock 2020-06-26","USD 14.34 USD 17.60","Sales 142,786"
"BAEK HYUN - Mini Album Vol.2 [Delight] (MINT Ver.)","Release 2020-05-26","(Expected) Date of stock 2020-06-26","USD 14.34 USD 17.60","Sales 139,734"
"DKB - Mini Album Vol.2 [LOVE]","Release 2020-05-26","(Expected) Date of stock 2020-09-21","USD 12.93 USD 16.28","Sales 360"
"DREAMCATCHER - Mini Album Vol.3 [Alone In The City] (Kit Album) *Due to the built-in battery inside, only 1 item can be shipped per package","Release 2020-05-26","(Expected) Date of stock 2020-05-25","USD 18.39 USD 23.75","Sales 357"
"DREAMCATCHER - Mini Album Vol.4 [The End of Nightmare] (Kit Album) *Due to the built-in battery inside, only 1 item can be shipped per package","Release 2020-05-26","(Expected) Date of stock 2020-09-14","USD 18.39 USD 23.75","Sales 461"
"KEEMBO - Single Album [SCANDALOUS]","Release 2020-05-26","(Expected) Date of stock 2020-05-25","USD 6.16 USD 8.01","Sales 67"
"KIM WOO SEOK - Solo Album Vol.1 [GREED] (K Ver.)","Release 2020-05-26","(Expected) Date of stock 2020-09-09","USD 15.57 USD 19.36","Sales 1,074"
"KIM WOO SEOK - Solo Album Vol.1 [GREED] (W Ver.)","Release 2020-05-26","(Expected) Date of stock 2020-09-21","USD 15.57 USD 19.36","Sales 1,130"
"Park Ji Hoon - Mini Album Vol.3 [The W] (Blanc Ver.)","Release 2020-05-26","(Expected) Date of stock 2020-06-12","USD 13.73 USD 17.60","Sales 4,066"
"Park Ji Hoon - Mini Album Vol.3 [The W] (Noir Ver.)","Release 2020-05-26","(Expected) Date of stock 2020-07-29","USD 13.73 USD 17.60","Sales 4,394"
"The World of the married O.S.T - JTBC Drama","Release 2020-05-26","(Expected) Date of stock 2020-06-22","USD 14.34 USD 17.60","Sales 158"
"OH MY GIRL - Japan Album Vol.3 [Eternally]","Release 2020-05-23","(Expected) Date of stock 2020-05-26","USD 15.57 USD 19.36","Sales 60"
"OnlyOneOf - Album [Produced by [ ] Part 1] (BLACK Ver.)","Release 2020-05-22","(Expected) Date of stock 2020-06-30","USD 10.03 USD 12.93","Sales 216"
"OnlyOneOf - Album [Produced by [ ] Part 1] (WHITE Ver.)","Release 2020-05-22","(Expected) Date of stock 2020-09-10","USD 10.03 USD 12.93","Sales 270"
"KEN - Mini Album Vol.1 [Greeting]","Release 2020-05-21","(Expected) Date of stock 2020-05-20","USD 10.65 USD 13.73","Sales 325"
"Ryu Su Jeong - Mini Album Vol.1 [Tiger Eyes]","Release 2020-05-21","(Expected) Date of stock 2020-05-27","USD 12.06 USD 14.96","Sales 570"
"NCT 127 - Repackage Album Vol.2 [NCT #127 Neo Zone: The Final Round] (1ST PLATER Ver.)","Release 2020-05-20","(Expected) Date of stock 2020-08-11","USD 15.57 USD 19.36","Sales 62,151"
"DooRi - Mini Album Vol.1 [예쁨주의보]","Release 2020-05-19","(Expected) Date of stock 2020-05-21","USD 9.15 USD 11.26","Sales 5"
"JJANGYOU - Album Vol.3 [Wave]","Release 2020-05-19","(Expected) Date of stock 2020-07-29","USD 13.73 USD 17.60","Sales 35"
"REDSQUARE - Single Album Vol.1 [PREQUEL]","Release 2020-05-19","(Expected) Date of stock 2020-08-19","USD 8.54 USD 11.26","Sales 193"
"TXT(TOMORROW X TOGETHER) - Album [The Dream Chapter : ETERNITY] (Random Ver.)","Release 2020-05-18","(Expected) Date of stock 2020-09-21","USD 14.34 USD 17.60","Sales 3,930"
"BOLBBALGAN4 - Album [Youth Diary Ⅱ : Butterfly That Sees Flower]","Release 2020-05-14","(Expected) Date of stock 2020-09-15","USD 11.62 USD 14.52","Sales 278"
"BVNDIT - Mini Ablum Vol.2 [Carnival]","Release 2020-05-14","(Expected) Date of stock 2020-09-21","USD 11.35 USD 14.52","Sales 514"
"Dynamic Duo - Album Vol.8 [GRAND CARNIVAL] (reissue)","Release 2020-05-12","(Expected) Date of stock 2020-08-24","USD 11.35 USD 14.52","Sales 30"
"Dynamic Duo - Vol.7 [Luckynumbers]","Release 2020-05-12","(Expected) Date of stock 2020-09-15","USD 10.74 USD 13.64","Sales 11"
"NU'EST - Mini Album Vol.8 [The Nocturne] (Kit Album) *Due to the built-in battery of the Khino album, only 1 item could be ordered and shipped at a time.","Release 2020-05-12","(Expected) Date of stock 2020-05-11","USD 18.21 USD 23.67","Sales 168"
"NU'EST - Mini Album Vol.8 [The Nocturne] (Ver.1)","Release 2020-05-12","(Expected) Date of stock 2020-05-11","USD 14.25 USD 18.56","Sales 8,492"
"NU'EST - Mini Album Vol.8 [The Nocturne] (Ver.2)","Release 2020-05-12","(Expected) Date of stock 2020-05-11","USD 14.25 USD 18.56","Sales 8,586"
"NU'EST - Mini Album Vol.8 [The Nocturne] (Ver.3)","Release 2020-05-12","(Expected) Date of stock 2020-05-11","USD 14.25 USD 18.56","Sales 8,558"
"NU'EST - Mini Album Vol.8 [The Nocturne] (Ver.4)","Release 2020-05-12","(Expected) Date of stock 2020-05-11","USD 14.25 USD 18.56","Sales 8,528"
"[DVD] SHIN HYE SUNG - 2013~2014 SHIN HYE SUNG CONCERT THE YEAR'S JOURNEY DVD","Release 2020-05-11","(Expected) Date of stock 2020-09-20","USD 26.13","Sales 2"
"[DVD] SHINHWA: M (LEE MIN WOO) - CONCERT DVD : M+TEN TOUR IN SEOUL - M STEP","Release 2020-05-11","(Expected) Date of stock 2020-07-23","USD 31.93","Sales 143"
"NATTY - Single Album Vol.1 [NINETEEN] (Kit Album) *Due to the built-in battery inside, only 1 item can be shipped per package","Release 2020-05-08","(Expected) Date of stock 2020-09-21","USD 16.01 USD 20.59","Sales 137"
"ASTRO - Mini Album Vol.7 [GATEWAY] (Random Ver.)","Release 2020-05-07","(Expected) Date of stock 2020-09-14","USD 12.93 USD 16.28","Sales 580"
"FANATICS - Mini Album Vol.2 [PLUS TWO]","Release 2020-05-07","(Expected) Date of stock 2020-08-03","USD 12.32 USD 15.31","Sales 110"
"[DVD] AB6IX - AB6IX 1ST WORLD TOUR <6IXENSE> IN SEOUL DVD","Release 2020-05-07","(Expected) Date of stock 2020-05-06","USD 36.95","Sales 958"
"[Blu-Ray] GOT7 - GOT7 2019 WORLD TOUR 'KEEP SPINNING' IN SEOUL BLU-RAY","Release 2020-04-29","(Expected) Date of stock 2020-04-28","USD 48.38","Sales 951"
"NOIR - Mini Album Vol.4 [Up the sky : 飛]","Release 2020-04-28","(Expected) Date of stock 2020-09-14","USD 11.44 USD 14.52","Sales 217"
"[Photobook] Tzuyu - 1ST PHOTOBOOK [Yes, I am Tzuyu] (Blue Ver.)","Release 2020-04-28","(Expected) Date of stock 2020-04-27","USD 34.31","Sales 3,036"
"[Photobook] Tzuyu - 1ST PHOTOBOOK [Yes, I am Tzuyu] (Peach Ver.)","Release 2020-04-27","(Expected) Date of stock 2020-04-27","USD 34.31","Sales 2,693"
"HAN YO HAN - Album Vol.2 [Spirit Bomb]","Release 2020-04-24","(Expected) Date of stock 2020-09-11","USD 14.34 USD 17.60","Sales 130"
"Lim Heon Il - Album Vol.2 [Breathe]","Release 2020-04-24","(Expected) Date of stock 2020-06-03","USD 12.93 USD 16.28","Sales 1"
"APRIL - Mini Album Vol.7 [Da Capo] (Random Ver.)","Release 2020-04-23","(Expected) Date of stock 2020-09-15","USD 13.55 USD 16.98","Sales 252"
"[SET] [2CD SET] APRIL - Mini Album Vol.7 [Da Capo] (GLITTER Ver. + SUIT Ver.)","Release 2020-04-23","(Expected) Date of stock 2020-04-28","USD 27.10 USD 33.96","Sales 190"
"H&D - Mini Album Vol.1 [SOULMATE] (MATE Ver.)","Release 2020-04-22","(Expected) Date of stock 2020-07-01","USD 18.12 USD 22.61","Sales 1,429"
"GOT7 - Mini Album [DYE] (Random Ver.)","Release 2020-04-21","(Expected) Date of stock 2020-09-14","USD 14.34 USD 17.60","Sales 73,842"
"Kid Milli - Album Vol.1.5 [BEIGE 0.5]","Release 2020-04-21","(Expected) Date of stock 2020-09-11","USD 14.34 USD 17.60","Sales 1,017"
"CRAVITY - Album SEASON1. [HIDEOUT: REMEMBER WHO WE ARE] (Random Ver.)","Release 2020-04-15","(Expected) Date of stock 2020-08-11","USD 12.93 USD 16.28","Sales 3,804"
"Apink - Mini Album Vol.9 [LOOK] (Joojilong Ver.)","Release 2020-04-14","(Expected) Date of stock 2020-09-14","USD 12.93 USD 16.28","Sales 2,637"
"G-STAR - EP Albim [Regret]","Release 2020-04-14","(Expected) Date of stock 2020-07-27","USD 12.49 USD 16.28","Sales 1"
"(Out Of Stock) Itaewon class O.S.T - JTBC Drama (Track list : BTS V)","Release 2020-04-14","(Expected) Date of stock 2020-04-14","USD 18.74 USD 24.19","Sales 250"
"BNJX - Album Vol.1 [Your magazine]","Release 2020-04-10","(Expected) Date of stock 2020-07-24","USD 8.54 USD 11.26","Sales 3"
"(Out Of Stock) nafla - Album Vol.2 [u n u]","Release 2020-04-10","(Expected) Date of stock 2020-04-13","USD 15.57 USD 20.24","Sales 900"
"WINNER - Full Album Vol.3 [Remember] (US Ver.) *Ktown4u Pre-order benefit : Unrevealed Photocard 5p 1set (limited quantity Until sold out)","Release 2020-04-10","(Expected) Date of stock 2020-09-14","USD 15.75 USD 20.94","Sales 43,974"
"WINNER - Full Album Vol.3 [Remember] (YOU Ver.) *Ktown4u Pre-order benefit : Unrevealed Photocard 5p 1set (limited quantity Until sold out)","Release 2020-04-10","(Expected) Date of stock 2020-09-14","USD 15.75 USD 20.94","Sales 43,624"
"SHIN SEUNG HUN - Special Album [My Personas]","Release 2020-04-09","(Expected) Date of stock 2020-09-01","USD 13.90 USD 17.60","Sales 4"
"(G)I-DLE - Mini Album Vol.3 [I trust] (Lie Ver.) FIRST PRESS","Release 2020-04-07","(Expected) Date of stock 2020-04-14","USD 12.93 USD 16.28","Sales 40,661"
"(G)I-DLE - Mini Album Vol.3 [I trust] (True Ver.) FIRST PRESS","Release 2020-04-07","(Expected) Date of stock 2020-04-17","USD 12.93 USD 16.19","Sales 43,047"
"GA EUN - Mini Album Vol.1 [WALNUTFUL]","Release 2020-04-07","(Expected) Date of stock 2020-07-09","USD 12.93 USD 16.28","Sales 7"
"Max Chang Min - Mini Album Vol.1 [Chocolate] (Random Ver.)","Release 2020-04-07","(Expected) Date of stock 2020-05-08","USD 14.34 USD 17.60","Sales 13,138"
"SUHO - Mini Album Vol.1 [Self-Portrait] (Kit Ver.) *Due to the built-in battery of the Khino album, only 1 item could be ordered and shipped at a time.","Release 2020-04-07","(Expected) Date of stock 2020-04-06","USD 15.57 USD 19.36","Sales 5,306"
"Jayci Yucca - Album [The Last Boy In The Class]","Release 2020-04-06","(Expected) Date of stock 2020-09-07","USD 10.91 USD 14.52","Sales 51"
"PurpleBeck - Mini Album Vol.1 [Starry Night]","Release 2020-04-06","(Expected) Date of stock 2020-04-06","USD 14.96 USD 19.36","Sales 815"
"Trolls World Tour OST (Track List : Red Velvet) (Trolls World Tour Original Motion Picture Soundtrack)","Release 2020-04-06","(Expected) Date of stock 2020-04-03","USD 15.57 USD 19.36","Sales 23"
"TOO - Mini Album Vol.1 [REASON FOR BEING :인(仁)] (dysTOOpia Ver.) (second press)","Release 2020-04-02","(Expected) Date of stock 2020-09-21","USD 13.20 USD 16.89","Sales 112"
"DON MALIK - Album Vol.1 [선인장화: MALIK THE CACTUS FLOWER]","Release 2020-04-01","(Expected) Date of stock 2020-09-11","USD 12.58 USD 16.28","Sales 11"
"Boramiyu - Mini Album Vol.2 [Dear My Color]","Release 2020-03-31","(Expected) Date of stock 2020-08-20","USD 10.30 USD 13.11","Sales 17"
"Busters - Album Vol.2 [Once and for All]","Release 2020-03-31","(Expected) Date of stock 2020-05-26","USD 14.34 USD 17.60","Sales 11"
"Kisnue - Mini Album Vol.1 [LAYERS]","Release 2020-03-31","(Expected) Date of stock 2020-07-06","USD 9.50 USD 12.06","Sales 10"
"SUHO - Mini Album Vol.1 [Self-Portrait] (Random Ver.)","Release 2020-03-31","(Expected) Date of stock 2020-04-21","USD 14.34 USD 17.68","Sales 58,038"
"Leeteuk - Special meal Cook book","Release 2020-03-30","(Expected) Date of stock 2020-08-26","USD 11.26 USD 13.02","Sales 3,107"
"MY.st - Mini Album Vol.1 [THE GLOW : Eden]","Release 2020-03-27","(Expected) Date of stock 2020-09-14","USD 12.58 USD 16.19","Sales 33"
"ANDN - Album [From. ANDN]","Release 2020-03-24","(Expected) Date of stock 2020-07-09","USD 12.49 USD 16.28","Sales 6"
"Kang Daniel - Mini Album Vol.1 [CYAN] (Random Ver.)","Release 2020-03-24","(Expected) Date of stock 2020-03-30","USD 12.32 USD 15.40","Sales 149,662"
"Swings - Album Vol.7 [Upgrade Ⅳ]","Release 2020-03-20","(Expected) Date of stock 2020-03-20","USD 12.93 USD 16.28","Sales 13"
"SEJEONG - Mini Album Vol.1 [Plant]","Release 2020-03-18","(Expected) Date of stock 2020-09-15","USD 11.18 USD 14.55","Sales 2,535"
"[Photobook] BLACKPINK : JENNIE - JENNIE [SOLO] PHOTOBOOK","Release 2020-03-18","(Expected) Date of stock 2020-09-14","USD 12.14 USD 16.28","Sales 28,870"
"(Out Of Stock) DPR LIVE - Album Vol.1 [IS ANYBODY OUT THERE?]","Release 2020-03-17","(Expected) Date of stock 2020-04-27","USD 16.81 USD 20.94","Sales 630"
"HONG EUNKI - Mini Album Vol1 [UNDEFINABLE:LOVE]","Release 2020-03-17","(Expected) Date of stock 2020-03-26","USD 12.41 USD 16.28","Sales 16"
"DAVII - Mini Album [CINEMA]","Release 2020-03-13","(Expected) Date of stock 2020-08-24","USD 11.18 USD 14.52","Sales 21"
"BLNK - Album Vol.2 [FLAME]","Release 2020-03-11","(Expected) Date of stock 2020-09-01","USD 12.76 USD 16.28","Sales 45"
"(Out Of Stock) [DVD] GFRIEND - 2019 GFRIEND ASIA TOUR [GO GO GFRIEND!] in SEOUL DVD (*Order can be canceled cause of early out of stock)","Release 2020-03-11","(Expected) Date of stock 2020-03-12","USD 39.59",""
"VICTON - Mini Album Vol.6 [CONTINUOUS] (BLUE Ver.)","Release 2020-03-10","(Expected) Date of stock 2020-03-09","USD 12.93 USD 16.28","Sales 2,497"
"VICTON - Mini Album Vol.6 [CONTINUOUS] (LIGHT Ver.)","Release 2020-03-10","(Expected) Date of stock 2020-03-09","USD 12.93 USD 16.28","Sales 2,348"
"NCT 127 - Album Vol.2 [NCT #127 Neo Zone] (Random Ver.)","Release 2020-03-07","(Expected) Date of stock 2020-08-19","USD 14.34 USD 17.60","Sales 196,731"
"WJSN (Cosmic Girls) - Mini Album Vol.4 [Dream your dream] (Random Ver.)","Release 2020-03-06","(Expected) Date of stock 2020-09-14","USD 11.62 USD 14.52","Sales 1,060"
"Yook Sung Jae - Special Album [YOOK O’clock]","Release 2020-03-03","(Expected) Date of stock 2020-09-21","USD 12.93 USD 16.28","Sales 2,757"
"ELRIS - Mini Album Vol.4 [JACKPOT] (Red Ver.)","Release 2020-02-27","(Expected) Date of stock 2020-09-07","USD 12.93 USD 16.28","Sales 149"
"TAEMIN - 2nd CONCERT [T1001101] KiT Video *Due to the built-in battery of the Khino album, only 1 item could be ordered and shipped to abroa","Release 2020-02-27","(Expected) Date of stock 2020-07-21","USD 35.37 USD 37.12","Sales 444"
"MONSTA X - ALL ABOUT LUV (Deluxe Photo Book) (Income edition)","Release 2020-02-26","(Expected) Date of stock 2020-02-26","USD 29.91 USD 35.10","Sales 789"
"MONSTA X - ALL ABOUT LUV (Standard Casemade Book) (Income edition)","Release 2020-02-26","(Expected) Date of stock 2020-04-17","USD 18.65 USD 21.99","Sales 903"
"Ravi - Album Vol.1 [EL DORADO]","Release 2020-02-25","(Expected) Date of stock 2020-07-22","USD 14.96 USD 19.36","Sales 357"
"SPECTRUM - Single Album Vol.4 [0325]","Release 2020-02-25","(Expected) Date of stock 2020-07-13","USD 12.58 USD 16.19","Sales 54"
"UNVS - Debut Signle Album [TIMELESS]","Release 2020-02-25","(Expected) Date of stock 2020-09-15","USD 10.65 USD 13.64","Sales 110"
"This Month’s Girl (LOONA) : HaSeul - Single Album [LOOΠΔ&HaSeul]","Release 2020-02-24","(Expected) Date of stock 2020-03-05","USD 9.68","Sales 1,193"
"This Month’s Girl (LOONA) : HaSeul&ViVi - Single Album [HaSeul&ViVi]","Release 2020-02-24","(Expected) Date of stock 2020-09-09","USD 9.68","Sales 1,025"
"This Month’s Girl (LOONA) : HaSeul&YeoJin - Single Album [HaSeul&YeoJin]","Release 2020-02-24","(Expected) Date of stock 2020-03-05","USD 9.68 USD 12.93","Sales 694"
"This Month’s Girl (LOONA) : HeeJin&HyunJin&YeoJin - Single Album [LOOΠΔ&YeoJin]","Release 2020-02-24","(Expected) Date of stock 2020-03-05","USD 9.68","Sales 843"
"This Month’s Girl (LOONA) : JinSoul&Choerry - Single Album [JinSoul&Choerry]","Release 2020-02-24","(Expected) Date of stock 2020-03-05","USD 10.38 USD 12.93","Sales 1,185"
"This Month’s Girl (LOONA) : Yves - Single Album [Yves] (A ver.)","Release 2020-02-24","(Expected) Date of stock 2020-09-09","USD 10.30 USD 12.93","Sales 1,200"
"This Month’s Girl (LOONA) : Yves - Single Album [Yves] (B ver.)","Release 2020-02-24","(Expected) Date of stock 2020-03-05","USD 10.30 USD 12.93","Sales 1,053"
"This Month’s Girl ODD EYE CIRCLE (LOONA) - Mini Album Vol.2 Repackage [Max&Match] (Normal Edition)","Release 2020-02-24","(Expected) Date of stock 2020-03-05","USD 15.57 USD 19.36","Sales 2,783"
"BTS - Album [MAP OF THE SOUL : 7] (Random Ver.)","Release 2020-02-21","(Expected) Date of stock 2020-09-09","USD 16.81 USD 20.94","Sales 201,783"
"D.COY - Single Album Vol.1 [COLOR MAGIC]","Release 2020-02-20","(Expected) Date of stock 2020-08-05","USD 11.44 USD 14.52","Sales 24"
"CHANGMO - Album Vol.1 [Boyhood]","Release 2020-02-18","(Expected) Date of stock 2020-09-21","USD 11.97 USD 15.22","Sales 696"
"IZ*ONE - Album Vol.1 [BLOOM*IZ] (Kit Album) *Due to the built-in battery of the Khino album, only 1 item could be ordered and shipped at a time.","Release 2020-02-18","(Expected) Date of stock 2020-08-20","USD 18.39 USD 23.67","Sales 3,648"
"IZ*ONE - Album Vol.1 [BLOOM*IZ] (Random Ver.)","Release 2020-02-18","(Expected) Date of stock 2020-09-15","USD 14.43 USD 18.56","Sales 86,213"
"Moon Byul - Mini Album Vol.2 [Dark Side of the Moon]","Release 2020-02-14","(Expected) Date of stock 2020-09-11","USD 12.93 USD 16.28","Sales 6,159"
"BLACK6IX - Mini Album Vol.2 [Nice To Meet You]","Release 2020-02-13","(Expected) Date of stock 2020-08-25","USD 11.35 USD 14.52","Sales 60"
"PENTAGON - Album Vol.1 [UNIVERSE : THE BLACK HALL] (DOWNSIDE Ver.) *Ktown4u Pre-order benefit : *Ktown4u Pre-order benefit : Photocard 2p 1set","Release 2020-02-13","(Expected) Date of stock 2020-09-21","USD 14.34 USD 17.60","Sales 4,866"
"PENTAGON - Album Vol.1 [UNIVERSE : THE BLACK HALL] (UPSIDE Ver.) *Ktown4u Pre-order benefit : Photocard 2p 1set","Release 2020-02-13","(Expected) Date of stock 2020-09-21","USD 14.34 USD 17.60","Sales 5,009"
"Cosmic Boy - EP Album [Can I Heat ?]","Release 2020-02-07","(Expected) Date of stock 2020-06-25","USD 10.21 USD 13.11","Sales 35"
"iKON - Mini Album Vol.3 [i DECIDE] (GREEN Ver.)","Release 2020-02-07","(Expected) Date of stock 2020-09-14","USD 15.22 USD 20.32","Sales 11,696"
"iKON - Mini Album Vol.3 [i DECIDE] (RED Ver.)","Release 2020-02-07","(Expected) Date of stock 2020-09-14","USD 15.22 USD 20.32","Sales 13,150"
"How Are You Bread O.S.T (Suho)","Release 2020-02-07","(Expected) Date of stock 2020-09-14","USD 13.99 USD 17.42","Sales 242"
"(Out Of Stock) This Month’s Girl (LOONA) - Mini Album Vol.2 [#] (Limited A)","Release 2020-02-06","(Expected) Date of stock 2020-03-23","USD 19.45 USD 24.19","Sales 4,528"
"(Out Of Stock) This Month’s Girl (LOONA) - Mini Album Vol.2 [#] (Limited B)","Release 2020-02-06","(Expected) Date of stock 2020-05-07","USD 19.45 USD 24.19","Sales 3,544"
"DKB - Mini Album Vol.1 [Youth]","Release 2020-02-04","(Expected) Date of stock 2020-09-08","USD 12.93 USD 16.28","Sales 373"
"GFRIEND - Album [回:LABYRINTH] (Twisted Ver.)","Release 2020-02-04","(Expected) Date of stock 2020-09-14","USD 15.57 USD 19.36","Sales 2,366"
"HYUKOH - Album Vol.5 [through love]","Release 2020-02-04","(Expected) Date of stock 2020-09-21","USD 13.90 USD 17.68","Sales 623"
"IZ - Single Album Vol.3 [THE:IZ]","Release 2020-02-04","(Expected) Date of stock 2020-09-02","USD 10.30 USD 12.93","Sales 109"
"Lee Hae Ri - Mini Album Vol.2 [from h]","Release 2020-02-01","(Expected) Date of stock 2020-02-03","USD 13.99 USD 17.68","Sales 96"
"SECHSKIES - Mini Album Vol.1 [ALL FOR YOU] (ALL Ver.)","Release 2020-01-29","(Expected) Date of stock 2020-09-03","USD 15.22 USD 20.32","Sales 6,424"
"Super Junior - Album Vol.9 Repackage [TIMELESS] (Random Ver.)","Release 2020-01-29","(Expected) Date of stock 2020-09-21","USD 16.81 USD 20.94","Sales 42,099"
"KIM DONG WAN - Mini Album […LER] (Healer Ver.)","Release 2020-01-23","(Expected) Date of stock 2020-06-05","USD 16.81 USD 20.94","Sales 730"
"KIM DONG WAN - Mini Album […LER] (Killer Ver.)","Release 2020-01-23","(Expected) Date of stock 2020-06-05","USD 16.81 USD 20.94","Sales 795"
"(Out Of Stock) TAEYEON - Album Vol.2 Repackage [Purpose] (Kit Album) *Due to the built-in battery inside, only 1 item can be shipped per package","Release 2020-01-23","(Expected) Date of stock 2020-01-22","USD 16.81 USD 20.94","Sales 1,000"
"(Out Of Stock) [Photobook] LIM HYUN SIK - PHOTO-VOUS BOOK [RENDEZ-VOUS]","Release 2020-01-20","(Expected) Date of stock 2020-01-20","USD 24.63","Sales 100"
"TAEYEON - Album Vol.2 Repackage [Purpose] (Random Ver.)","Release 2020-01-16","(Expected) Date of stock 2020-09-15","USD 16.19 USD 20.24","Sales 14,376"
"Kim Jae Joong - Mini Album Vol.2 [Ayo]","Release 2020-01-15","(Expected) Date of stock 2020-01-14","USD 10.30 USD 12.93","Sales 70,114"
"Baek Ye Rin - Album [Every letter I sent you.]","Release 2020-01-13","(Expected) Date of stock 2020-09-15","USD 19.45 USD 24.19","Sales 917"
"Crossroad - Mini Album Vol.1 [NEWS]","Release 2020-01-11","(Expected) Date of stock 2020-04-10","USD 13.73 USD 17.68","Sales 2"
"(Out Of Stock) [Photobook] Red Velvet - SELFIE BOOK : RED VELVET #3","Release 2020-01-10","(Expected) Date of stock 2020-01-10","USD 13.11","Sales 800"
"B.O.Y - Mini Album Vol.1 [Phase One: YOU] (6AM Ver.)","Release 2020-01-08","(Expected) Date of stock 2020-09-11","USD 15.93 USD 20.24","Sales 203"
"B.O.Y - Mini Album Vol.1 [Phase One: YOU] (6PM Ver.)","Release 2020-01-08","(Expected) Date of stock 2020-09-09","USD 15.93 USD 20.24","Sales 207"
"SF9 - Album Vol.1 [FIRST COLLECTION] (Random Ver.)","Release 2020-01-08","(Expected) Date of stock 2020-09-10","USD 16.81 USD 20.94","Sales 20,382"
"VERIVERY - Mini Album Vol.3 [FACE ME] (Kit Album) *Due to the built-in battery inside, only 1 item can be shipped per package","Release 2020-01-08","(Expected) Date of stock 2020-08-10","USD 18.56 USD 23.75","Sales 27"
"VERIVERY - Mini Album Vol.3 [FACE ME] (Official Ver.)","Release 2020-01-08","(Expected) Date of stock 2020-01-07","USD 12.06 USD 15.31","Sales 330"
"ATEEZ - Album [TREASURE EPILOGUE : Action To Answer] (A Ver.)","Release 2020-01-07","(Expected) Date of stock 2020-09-09","USD 12.06 USD 15.31","Sales 4,490"
"ATEEZ - Album [TREASURE EPILOGUE : Action To Answer] (Z Ver.)","Release 2020-01-07","(Expected) Date of stock 2020-09-21","USD 12.06 USD 15.31","Sales 4,975"
"TopSecret - Single Album Vol.4 [COUNTDOWN]","Release 2020-01-03","(Expected) Date of stock 2020-07-14","USD 10.21 USD 12.93","Sales 8"
"JEONG MIN - Single Album Vol.3 [Winter Dream]","Release 2019-12-31","(Expected) Date of stock 2020-09-08","USD 5.19 USD 6.43","Sales 26"
"(Out Of Stock) [Photobook] NU`EST - NU ANNUAL (AR Photobook)","Release 2019-12-31","(Expected) Date of stock 2020-01-06","USD 34.31","Sales 106"
"EXO - Album Vol.6 [OBSESSION (OBSESSION Ver.)] (Kit Ver) *Due to the built-in battery of the Khino album, only 1 item could be ordered and shipped to abroad at a time.","Release 2019-12-24","(Expected) Date of stock 2020-09-21","USD 16.81 USD 20.94","Sales 6,000"
"MBA - Album Vol.1 [TRIP]","Release 2019-12-21","(Expected) Date of stock 2020-07-27","USD 18.65 USD 24.19","Sales 22"
"MAMAMOO - Virtual Play Album","Release 2019-12-20","(Expected) Date of stock 2020-03-27","USD 48.38","Sales 193"
"HYUK - Mini Album Vol.1 [Winter butterfly]","Release 2019-12-19","(Expected) Date of stock 2020-09-09","USD 10.56 USD 13.73","Sales 260"
"AVIN - EP Album Vol.1 [TRANCHE]","Release 2019-12-18","(Expected) Date of stock 2020-05-26","USD 12.49 USD 16.28","Sales 8"
"Chief of Staff 2 O.S.T - JTBC Drama","Release 2019-12-18","(Expected) Date of stock 2020-07-13","USD 14.96 USD 19.36","Sales 8"
"Kim Feel - Album Vol.1 [yours, sincerely]","Release 2019-12-14","(Expected) Date of stock 2020-08-28","USD 13.73 USD 17.68","Sales 61"
"Kim Jae Hwan - Mini Album Vol.2 [MOMENT] (Random Ver.)","Release 2019-12-13","(Expected) Date of stock 2019-12-20","USD 12.41 USD 16.28","Sales 36"
"BoA - Mini Album Vol.2 [Starry Night]","Release 2019-12-12","(Expected) Date of stock 2020-09-01","USD 12.93 USD 16.28","Sales 365"
"(Out Of Stock) Giriboy - Album Vol.7 [Fatal Album Ⅲ]","Release 2019-12-10","(Expected) Date of stock 2019-12-10","USD 24.63 USD 30.62","Sales 60"
"PANDAGOMM - Album Vol.1 [sleeptalking]","Release 2019-12-10","(Expected) Date of stock 2020-04-24","USD 12.14 USD 16.19","Sales 11"
"PULLIK - Mini Album Vol.1 [0.5]","Release 2019-12-10","(Expected) Date of stock 2020-09-14","USD 11.62 USD 14.52","Sales 21"
"(Out Of Stock) Stray Kids - Mini Album [Clé : LEVANTER] (Limited Edition)","Release 2019-12-10","(Expected) Date of stock 2019-12-09","USD 11.62 USD 14.52","Sales 10,549"
"Stray Kids - Mini Album [Clé : LEVANTER] (Normal Edition)","Release 2019-12-10","(Expected) Date of stock 2020-09-14","USD 11.62 USD 14.52","Sales 6,843"
"pegasus market O.S.T - tvN Drama","Release 2019-12-10","(Expected) Date of stock 2020-08-18","USD 13.02 USD 16.89","Sales 5"
"(Out Of Stock) [Photobook] Super Junior - Selfie Book : Super Junior","Release 2019-12-10","(Expected) Date of stock 2019-12-17","USD 13.11",""
"IZ - Single Album [메멘토(Memento)]","Release 2019-12-06","(Expected) Date of stock 2020-09-14","USD 6.51 USD 7.92","Sales 82"
"EXO - Album Vol.6 [OBSESSION (OBSESSION Ver.)]","Release 2019-12-05","(Expected) Date of stock 2020-09-21","USD 16.19 USD 20.24","Sales 13,112"
"Frozen 2 O.S.T - Korean movie (Korean Ver.) (Taeyeon)","Release 2019-12-02","(Expected) Date of stock 2020-07-06","USD 12.85 USD 16.28","Sales 94"
"Newkidd - Signle Album Vol.2 [COME]","Release 2019-11-29","(Expected) Date of stock 2020-08-10","USD 9.94 USD 12.93","Sales 77"
"EXO - Album Vol.6 [OBSESSION (EXO & X-EXO Ver.)] (X-EXO Ver.)","Release 2019-11-28","(Expected) Date of stock 2020-10-12","USD 16.19 USD 20.24","Sales 78,827"
"Dynamic Duo - Album Vol.9 [OFF DUTY]","Release 2019-11-27","(Expected) Date of stock 2020-09-15","USD 13.73 USD 17.68","Sales 43"
"Joseon roco Mungdujeon O.S.T - KBS2 Drama","Release 2019-11-27","(Expected) Date of stock 2020-08-11","USD 21.99 USD 27.36","Sales 71"
"SUNGMIN - Mini Album Vol.1 [Orgel]","Release 2019-11-22","(Expected) Date of stock 2020-08-19","USD 14.34 USD 17.60","Sales 1,600"
"ASTRO - Mini Album Vol.6 [BLUE FLAME] (Random Ver.)","Release 2019-11-21","(Expected) Date of stock 2020-09-15","USD 12.49 USD 16.19","Sales 5,703"
"AWEEK - Mini Album Vol.1 [The Birth Of Seven]","Release 2019-11-21","(Expected) Date of stock 2020-08-25","USD 11.00 USD 13.73","Sales 28"
"CIX - EP Album Vol.2 [HELLO Chapter 2. Hello, Strange Place] (Hello Ver.)","Release 2019-11-20","(Expected) Date of stock 2020-08-18","USD 13.73 USD 17.77","Sales 583"
"CIX - EP Album Vol.2 [HELLO Chapter 2. Hello, Strange Place] (Strange Place Ver.)","Release 2019-11-20","(Expected) Date of stock 2020-08-18","USD 13.73 USD 17.77","Sales 571"
"WJSN (Cosmic Girls) - Mini Album [As you Wish] (Random Ver.)","Release 2019-11-20","(Expected) Date of stock 2020-09-15","USD 12.93 USD 16.28","Sales 25,790"
"IN2IT - Single Album Vol.3 [PUZZLE] (Random Ver.) (Kit Album) *Due to the built-in battery of the Khino album, only 1 item could be ordered and shipped to abroad at a time.","Release 2019-11-14","(Expected) Date of stock 2020-08-13","USD 17.07 USD 21.99","Sales 47"
"7O'CLOCK - Mini Album Vol.3 [백야 : White Night]","Release 2019-11-13","(Expected) Date of stock 2020-09-04","USD 12.32 USD 15.40","Sales 74"
"NATURE - Mini Album Vol.2 [NATURE WORLD: CODE A] (Random Ver.)","Release 2019-11-13","(Expected) Date of stock 2020-09-14","USD 11.88 USD 15.31","Sales 52"
"Car the garden - Album Vol.2 [C]","Release 2019-11-11","(Expected) Date of stock 2020-07-21","USD 13.64 USD 17.68","Sales 15"
"WE IN THE ZONE - Mini Album Vol.2 [weeee!]","Release 2019-11-08","(Expected) Date of stock 2020-08-18","USD 12.93 USD 16.28","Sales 56"
"1TEAM - Mini Album Vol.3 [ONE] (Make Ver.)","Release 2019-11-07","(Expected) Date of stock 2020-09-21","USD 11.62 USD 14.52","Sales 278"
"1TEAM - Mini Album Vol.3 [ONE] (This Ver.)","Release 2019-11-07","(Expected) Date of stock 2020-09-21","USD 11.62 USD 14.52","Sales 226"
"B.I.G - Single Album [ILLUSION]","Release 2019-11-07","(Expected) Date of stock 2020-06-29","USD 10.30 USD 12.93","Sales 35"
"DONGKIZ - Mini Album Vol.1 [DONGKY TOWN]","Release 2019-11-07","(Expected) Date of stock 2020-08-24","USD 11.26 USD 14.52","Sales 57"
"Kim Dong Jun - Mini Album Vol.1 [Twenty-nine, around that time.]","Release 2019-11-07","(Expected) Date of stock 2020-09-07","USD 16.72 USD 21.64","Sales 70"
"JEONG MIN - Single Album Vol.2 [Why? 왜 그땐 몰랐을까]","Release 2019-11-05","(Expected) Date of stock 2020-05-07","USD 11.62 USD 14.52","Sales 16"
"LEE JIN HYUK - Solo Album [S.O.L] (PURE ver.)","Release 2019-11-05","(Expected) Date of stock 2020-08-24","USD 12.93 USD 16.28","Sales 2,768"
"OnlyOneOf - Mini Album Vol.2 [line sun goodness] (White Ver.)","Release 2019-10-31","(Expected) Date of stock 2020-07-08","USD 12.93 USD 16.28","Sales 142"
"Paul Kim - Album Vol.2 [Mind, one]","Release 2019-10-31","(Expected) Date of stock 2020-09-07","USD 15.57 USD 19.36","Sales 33"
"SuperM - Mini Album Vol.1 [SuperM] (Random Ver.)","Release 2019-10-31","(Expected) Date of stock 2020-09-14","USD 12.93 USD 16.28","Sales 526"
"zai.ro - 2019 zai.ro Concert New Zeneration Live Album & Photobook (Limited Edition)","Release 2019-10-31","(Expected) Date of stock 2019-10-30","USD 33.61 USD 43.11","Sales 151"
"靑空少年 - Single Album Vol.2 [BLUE]","Release 2019-10-31","(Expected) Date of stock 2020-09-14","USD 11.26 USD 14.52","Sales 5"
"MONSTA X - Mini Album [FOLLOW - FIND YOU] (Random Ver.)","Release 2019-10-29","(Expected) Date of stock 2020-09-15","USD 12.93 USD 16.28","Sales 7,717"
"WINNER - Mini Album Vol.3 [CROSS] (CROSSLIGHT Ver.)","Release 2019-10-29","(Expected) Date of stock 2020-09-14","USD 13.37 USD 17.68","Sales 6,338"
"WINNER - Mini Album Vol.3 [CROSS] (CROSSROAD Ver.)","Release 2019-10-29","(Expected) Date of stock 2020-08-19","USD 13.37 USD 17.68","Sales 5,311"
"TAEYEON - Album Vol.2 [Purpose] (Deluxe Edition) (Small registered packet & K-Packet is not possible to be sent for order with Tube)","Release 2019-10-28","(Expected) Date of stock 2020-09-10","USD 16.81 USD 20.94","Sales 4,354"
"TAEYEON - Album Vol.2 [Purpose] (Random Ver.)","Release 2019-10-28","(Expected) Date of stock 2019-10-28","USD 12.76 USD 18.56","Sales 60,848"
"ARIAZ - Mini Album Vol.1 [Grand Opera]","Release 2019-10-24","(Expected) Date of stock 2020-08-31","USD 9.94 USD 12.93","Sales 85"
"DAY6 - Album Vol.3 [The Book of Us : Entropy] (Random Ver.) (second press)","Release 2019-10-23","(Expected) Date of stock 2020-09-14","USD 12.32 USD 15.31","Sales 3,882"
"NU'EST - Mini Album Vol.7 [The Table] (Kit Album) *Due to the built-in battery of the Khino album, only 1 item could be ordered and shipped to abroad at a time.","Release 2019-10-22","(Expected) Date of stock 2020-01-13","USD 18.21 USD 23.75","Sales 127"
"NU'EST - Mini Album Vol.7 [The Table] (Random Ver.)","Release 2019-10-22","(Expected) Date of stock 2020-09-14","USD 13.64 USD 17.60","Sales 4,174"
"TXT(TOMORROW X TOGETHER) - Album Vol.1 [The Dream Chapter : MAGIC] (Random Ver.)","Release 2019-10-22","(Expected) Date of stock 2020-09-21","USD 14.34 USD 17.60","Sales 11,712"
"VAV - Mini Album Vol.5 [POISON]","Release 2019-10-22","(Expected) Date of stock 2020-09-15","USD 9.33 USD 12.06","Sales 731"
"LIM HYUN SIK - Mini Album Vol.1 [RENDEZ-VOUS]","Release 2019-10-15","(Expected) Date of stock 2020-09-09","USD 12.32 USD 15.40","Sales 424"
"Super Junior - Album Vol.9 [Time_Slip] (Random Ver.)","Release 2019-10-15","(Expected) Date of stock 2020-09-01","USD 14.34 USD 17.60","Sales 365"
"JUNG DAE HYUN - Single Album Vol.1 [Aight]","Release 2019-10-12","(Expected) Date of stock 2020-09-07","USD 10.65 USD 13.73","Sales 379"
"Ladies` Code - Mini Album [CODE#03 SET ME FREE]","Release 2019-10-10","(Expected) Date of stock 2020-09-14","USD 11.62 USD 14.52","Sales 199"
"ATEEZ - Album Vol.1 [TREASURE EP.FIN : All To Action] (A Ver.)","Release 2019-10-09","(Expected) Date of stock 2020-09-21","USD 13.04 USD 16.98","Sales 6,314"
"ATEEZ - Album Vol.1 [TREASURE EP.FIN : All To Action] (Z Ver.)","Release 2019-10-09","(Expected) Date of stock 2020-09-21","USD 13.04 USD 16.98","Sales 6,352"
"AB6IX - Album Vol.1 [6IXENSE] (6IX Ver.) (Small registered packet & K-Packet is not possible to be sent for order with Tube)","Release 2019-10-08","(Expected) Date of stock 2020-09-21","USD 16.19 USD 20.94","Sales 7,591"
"AB6IX - Album Vol.1 [6IXENSE] (SENSE Ver.) (Small registered packet & K-Packet is not possible to be sent for order with Tube)","Release 2019-10-08","(Expected) Date of stock 2020-09-11","USD 16.19 USD 20.94","Sales 6,986"
"EXO : CHEN - Mini Album Vol.2 [Dear my dear] (Kit Album) *Due to the built-in battery of the Khino album, only 1 item could be ordered and shipped to abroad at a time.","Release 2019-10-08","(Expected) Date of stock 2020-09-21","USD 15.57 USD 19.36","Sales 533"
"ONF - Mini Album Vol.4 [GO LIVE]","Release 2019-10-08","(Expected) Date of stock 2020-09-09","USD 12.49 USD 16.28","Sales 824"
"EXO : CHEN - Mini Album Vol.2 [Dear my dear] (Random Ver.)","Release 2019-10-02","(Expected) Date of stock 2020-09-14","USD 12.93 USD 16.28","Sales 12,998"
"Ha Min Woo - Mini Album Vol.2 [THE TEMPO]","Release 2019-10-02","(Expected) Date of stock 2020-03-19","USD 12.49 USD 16.28","Sales 9"
"Jeong Se Woon - Mini Album [DAY] (Random Ver.)","Release 2019-10-02","(Expected) Date of stock 2020-08-19","USD 12.93 USD 16.28","Sales 165"
"Brown Eyed Soul - Album [It' Soul Right]","Release 2019-10-01","(Expected) Date of stock 2020-07-22","USD 12.49 USD 16.28","Sales 10"
"(Out Of Stock) PurpleBeck - Single Album Vol.2 [Dream Line] (Numbering Limited Edition)","Release 2019-10-01","(Expected) Date of stock 2019-10-07","USD 9.94 USD 12.93","Sales 430"
"Be Melodramatic O.S.T - JTBC Drama","Release 2019-10-01","(Expected) Date of stock 2020-09-15","USD 12.49 USD 16.28","Sales 54"
"[DVD] NU'EST - 2019 NU'EST CONCERT [Segno] IN SEOUL DVD","Release 2019-10-01","(Expected) Date of stock 2020-07-23","USD 37.83","Sales 277"
"AKMU - FULL ALBUM Vol.3 [SAILING]","Release 2019-09-26","(Expected) Date of stock 2020-09-14","USD 15.75 USD 20.94","Sales 948"
"TWICE - Mini Album Vol.8 [Feel Special] (Random Ver.)","Release 2019-09-24","(Expected) Date of stock 2020-09-15","USD 14.34 USD 17.68","Sales 31,314"
"HOLICS - Single Album Vol.4 [I’M UR FAN]","Release 2019-09-21","(Expected) Date of stock 2019-10-17","USD 9.94 USD 12.93","Sales 1"
"SATURDAY - Single Album Vol.3 [IKYK]","Release 2019-09-20","(Expected) Date of stock 2020-09-14","USD 9.68 USD 12.93","Sales 470"
"teen teen - Mini Album Vol.1 [VERY, ON TOP]","Release 2019-09-20","(Expected) Date of stock 2020-09-07","USD 14.34 USD 17.68","Sales 107"
"KOOK HEON & YU VIN - Single Kit Album [blurry] *Due to the built-in battery inside, only 1 item can be shipped per package","Release 2019-09-19","(Expected) Date of stock 2020-07-22","USD 15.31 USD 20.41","Sales 36"
"DREAMCATCHER - Kit Audio Special Mini Album [Raid of Dream] *Due to the built-in battery inside, only 1 item can be shipped per package","Release 2019-09-18","(Expected) Date of stock 2020-09-03","USD 18.39 USD 23.75","Sales 589"
"KIRIN - EP Album [YUNU IN THE HOUSE]","Release 2019-09-17","(Expected) Date of stock 2020-06-15","USD 12.14 USD 16.28","Sales 4"
"Seventeen - Album Vol.3 [An Ode] (Begin Ver.) (Second press)","Release 2019-09-17","(Expected) Date of stock 2020-08-10","USD 13.90 USD 18.56","Sales 19,790"
"Seventeen - Album Vol.3 [An Ode] (Real Ver.) (Second press)","Release 2019-09-17","(Expected) Date of stock 2020-08-10","USD 13.90 USD 18.56","Sales 20,295"
"Seventeen - Album Vol.3 [An Ode] (The Poet Ver.) (Second press)","Release 2019-09-17","(Expected) Date of stock 2020-08-10","USD 13.90 USD 18.56","Sales 19,447"
"Seventeen - Album Vol.3 [An Ode] (Truth Ver.) (Second press)","Release 2019-09-17","(Expected) Date of stock 2020-08-10","USD 13.90 USD 18.56","Sales 19,982"
"ASH ISLAND - Debut Album [ASH]","Release 2019-09-10","(Expected) Date of stock 2020-09-14","USD 11.44 USD 15.22","Sales 685"
"FTISLAND - Mini Album Vol.7 [ZAPPING]","Release 2019-09-10","(Expected) Date of stock 2020-08-11","USD 12.32 USD 15.40","Sales 1,103"
"[PHOTOBOOK] EXO - [PRESENT ; the moment] Photobook","Release 2019-09-10","(Expected) Date of stock 2020-09-30","USD 29.03","Sales 8,634"
"Moment at Eighteen O.S.T - JTBC Drama (Ong Seong Wu)","Release 2019-09-09","(Expected) Date of stock 2020-08-03","USD 13.73 USD 17.60","Sales 203"
"[Blu-Ray] GOT7 - GOT7 ♥ I GOT7 5TH FAN MEETING [Dreaming of the soccer king, 'Fly GOT7'] BLU-RAY","Release 2019-09-05","(Expected) Date of stock 2020-08-13","USD 48.38","Sales 164"
"GIRLKIND XJR - Mini Album Vol.1 [Life is Diamond]","Release 2019-09-04","(Expected) Date of stock 2020-09-02","USD 9.68 USD 16.28","Sales 15"
"(Out Of Stock) [Blu-Ray] BTS - BTS MEMORIES OF 2018 Blu-Ray *Pre-order benefit gift (*Order can be canceled cause of early out of stock)","Release 2019-09-03","(Expected) Date of stock 2019-10-28","USD 79.61",""
"Jin Longguo - Mini Album Vol.2 [MONO DIARY]","Release 2019-08-30","(Expected) Date of stock 2020-07-09","USD 12.93 USD 16.28","Sales 324"
"FANXY RED - Single Album Vol.1 [ACTIVATE]","Release 2019-08-29","(Expected) Date of stock 2020-07-16","USD 8.54 USD 11.26","Sales 128"
"X1 - Kit Album [비상: QUANTUM LEAP] (QUATUM LEAP Ver.) *Due to the built-in battery inside, only 1 item can be shipped per package","Release 2019-08-28","(Expected) Date of stock 2020-08-31","USD 15.31 USD 20.41","Sales 2,086"
"X1 - Kit Album [비상: QUANTUM LEAP] (비상 Ver.) *Due to the built-in battery inside, only 1 item can be shipped per package","Release 2019-08-28","(Expected) Date of stock 2020-07-21","USD 15.31 USD 20.41","Sales 2,153"
"X1 - Mini Album Vol.1 [비상: QUANTUM LEAP] (QUANTUM LEAP Ver.) (second press)","Release 2019-08-28","(Expected) Date of stock 2020-09-07","USD 12.14 USD 16.19","Sales 23,176"
"X1 - Mini Album Vol.1 [비상: QUANTUM LEAP] (비상 Ver.) (second press)","Release 2019-08-28","(Expected) Date of stock 2020-09-15","USD 12.14 USD 16.19","Sales 25,700"
"(Out Of Stock) [Blu-Ray] TWICE - TWICE 2ND TOUR ‘TWICELAND ZONE 2：Fantasy Park’ Blu-ray","Release 2019-08-28","(Expected) Date of stock 2019-11-19","USD 48.38","Sales 383"
"UP10TION - Mini Album Vol.8 [The Moment of Illusion] (Illusion Ver.)","Release 2019-08-27","(Expected) Date of stock 2020-09-10","USD 12.93 USD 16.28","Sales 289"
"UP10TION - Mini Album Vol.8 [The Moment of Illusion] (Moment Ver.)","Release 2019-08-27","(Expected) Date of stock 2020-09-15","USD 12.93 USD 16.28","Sales 275"
"IZ - Single Album Vol.2 [FROM:IZ]","Release 2019-08-22","(Expected) Date of stock 2020-09-02","USD 10.30 USD 12.93","Sales 104"
"KISUM - Mini Album Vol.4 [yeah!술]","Release 2019-08-21","(Expected) Date of stock 2020-05-20","USD 11.00 USD 13.73","Sales 35"
"Red Velvet - Mini Album [The ReVe Festival Day 2] (Day 2 Ver.)","Release 2019-08-21","(Expected) Date of stock 2020-09-15","USD 15.57 USD 19.36","Sales 7,076"
"Red Velvet - Mini Album [The ReVe Festival Day 2] (Guide Book Ver.)","Release 2019-08-21","(Expected) Date of stock 2020-09-14","USD 12.32 USD 15.40","Sales 3,506"
"EVERGLOW - Single Album Vol.2 [HUSH]","Release 2019-08-20","(Expected) Date of stock 2020-09-21","USD 11.62 USD 14.52","Sales 2,190"
"THE BOYZ - Mini Album Vol.4 [DreamLike] (DAY Ver.)","Release 2019-08-20","(Expected) Date of stock 2020-09-14","USD 14.34 USD 17.60","Sales 762"
"THE BOYZ - Mini Album Vol.4 [DreamLike] (DREAMLIKE Ver.)","Release 2019-08-20","(Expected) Date of stock 2020-09-14","USD 14.34 USD 17.60","Sales 884"